station,date,bewd_i,bewd_ii,bewd_iii,bewm_i,bewm_ii,bewm_iii,bewm_mittel,bft6,bft8,cglo_j,dampf_i,dampf_ii,dampf_iii,dampf_mittel,dd32_i,dd32_ii,dd32_iii,erdb_i,erdb_ii,erdb_iii,ffx,gew,glatt,nebel,p_i,p_ii,p_iii,p_mittel,raureif,reif,rfb_i,rfb_ii,rfb_iii,rfb_mittel,rf_i,rf_ii,rf_iii,rf_mittel,rr,rr_i,rr_iii,rra_manu,rra_manu_i,rra_manu_iii,sh,sh_manu,sha_manu,shneu_manu,sicht_i,sicht_ii,sicht_iii,so_h,tau,tl_i,tl_ii,tl_iii,tlmax,tlmin,tl_mittel,tsmin,vvbft_i,vvbft_ii,vvbft_iii,vv_mittel,zeitx
1,2025-07-20,2.0,0.0,1.0,8.0,5.0,6.0,63.0,0,0,2392.0,17.2,17.4,18.8,17.8,4.0,16.0,28.0,1,0,0,6.4,0,0,0,923.7,921.6,920.8,922.0,0,0,,,,,89.0,49.0,68.0,69.0,,0,-1,,,,,-1.0,0,-1.0,5000.0,8000.0,7000.0,8,0,17,27,23,28,16,22,14,1,1,2,1.6,1240.0
2,2025-07-20,1.0,2.0,2.0,6.0,5.0,8.0,63.0,0,0,,15.8,17.4,19.1,17.4,20.0,4.0,4.0,1,0,0,9.6,0,0,0,938.0,933.6,932.3,934.6,0,0,,,,,80.0,44.0,54.0,59.0,,0,-1,,1,0,,-1.0,0,-1.0,40000.0,50000.0,50000.0,,0,17,29,27,29,16,23,14,2,3,1,2.8,26.0
3,2025-07-20,0.0,0.0,0.0,4.0,5.0,8.0,57.0,0,0,2548.0,17.4,14.4,16.5,16.1,24.0,16.0,12.0,1,0,0,5.3,0,0,0,941.1,939.9,938.6,939.9,0,0,,,,,75.0,39.0,53.0,56.0,,-1,-1,,0,0,,-1.0,0,-1.0,20000.0,30000.0,20000.0,13,0,20,28,25,28,16,22,12,1,1,2,1.6,214.0
4,2025-07-20,,,,,,,,0,0,2603.0,,,,,24.0,8.0,8.0,,,,7.5,0,,,979.6,976.8,974.7,977.0,,,,,,,,,,,,-1,,,,,,,,,,,,13,,22,,,,,,14,1,2,2,2.1,1604.0
5,2025-07-20,,0.0,0.0,0.0,3.0,3.0,20.0,0,0,,15.8,15.6,18.9,16.8,8.0,12.0,0.0,0,0,0,7.7,0,0,0,926.9,923.2,922.2,924.1,0,0,,,,,76.0,39.0,58.0,58.0,,-1,-1,,,,,-1.0,0,-1.0,15000.0,15000.0,15000.0,,0,18,29,26,30,16,23,,2,1,0,1.2,747.0
6,2025-07-20,,,,,,,,0,0,2822.0,14.7,17.8,14.8,15.8,8.0,8.0,24.0,,,,9.4,0,,,909.3,907.1,906.7,907.7,,,,,,,74.0,49.0,49.0,57.0,,1,-1,,,,,,,,,,,13,,17,27,24,28,13,21,9,1,2,2,2.1,1421.0
7,2025-07-20,,,,,,,,0,0,2199.0,13.6,14.1,15.0,14.2,16.0,16.0,16.0,,,,9.9,0,,,890.7,887.5,886.8,888.3,,,,,,,95.0,44.0,54.0,64.0,,11,-1,,,,,,,,,,,8,,12,25,23,27,11,19,,1,2,3,2.8,1610.0
8,2025-07-20,,,,,,,,0,0,2444.0,19.7,19.9,21.0,20.2,0.0,16.0,8.0,,,,6.7,0,,,979.2,977.4,975.5,977.4,,,,,,,79.0,47.0,56.0,61.0,,-1,-1,,,,,,,,,,,11,,21,30,28,30,20,25,,0,2,1,1.2,1251.0
9,2025-07-20,,,,,,,,0,0,2624.0,18.1,18.2,23.5,19.9,16.0,20.0,4.0,,,,6.7,0,,,949.6,945.3,944.0,946.3,,,,,,,84.0,42.0,70.0,65.0,,,-1,,,,,,,,,,,12,,19,30,26,31,17,24,17,1,1,1,1.1,217.0
10,2025-07-20,,,,,,,,0,0,,15.4,15.1,15.7,15.4,8.0,8.0,12.0,,,,6.9,0,,,921.6,917.9,916.7,918.7,,,,,,,79.0,40.0,44.0,54.0,,0,-1,,,,,,,,,,,,,17,28,27,29,15,22,,2,1,2,2.1,1733.0
11,2025-07-20,,,,,,,,0,0,2509.0,21.5,18.3,21.0,20.3,24.0,12.0,12.0,,,,6.6,0,,,986.2,984.2,982.3,984.2,,,,,,,85.0,42.0,54.0,60.0,,0,-1,,,,,,,,,,,,,21,31,29,32,20,26,,2,2,2,2.7,1813.0
13,2025-07-20,,,,,,,,0,0,2533.0,16.0,16.3,17.3,16.5,4.0,16.0,16.0,,,,7.5,0,,,939.1,937.8,936.7,937.9,,,,,,,68.0,46.0,54.0,56.0,,-1,-1,,,,,,,,,,,11,,20,27,25,28,18,23,,2,2,2,2.7,1127.0
14,2025-07-20,,,,,,,,0,0,2571.0,16.8,17.1,19.6,17.8,12.0,0.0,12.0,,,,4.8,0,,,949.7,944.0,942.9,945.5,,,,,,,89.0,43.0,61.0,64.0,,4,-1,,,,,,,,,,,10,,17,29,25,31,16,24,15,1,0,1,0.7,1539.0
15,2025-07-20,,,,,,,,0,0,2245.0,18.1,19.4,22.7,20.1,8.0,28.0,8.0,,,,13.1,0,,,958.1,955.6,954.5,956.1,,,,,,,90.0,62.0,75.0,76.0,,-1,,,,,,,,,,,,10,,18,25,24,27,15,21,13,1,1,1,1.1,2014.0
16,2025-07-20,,,,,,,,0,0,2368.0,12.7,13.8,14.3,13.6,28.0,8.0,12.0,,,,8.8,0,,,858.1,856.2,855.6,856.6,,,,,,,96.0,52.0,59.0,69.0,,12,-1,,,,,,,,,,,8,,11,22,21,24,11,17,,1,1,2,1.6,2306.0
17,2025-07-20,,,,,,,,0,0,2229.0,19.1,18.7,18.6,18.8,8.0,8.0,8.0,,,,8.9,0,,,,,,,,,,,,,90.0,48.0,51.0,63.0,,0,-1,,,,,,,,,,,9,,19,29,27,30,18,24,18,1,2,2,2.1,1524.0
18,2025-07-20,,,,,,,,0,0,2660.0,18.3,18.3,17.1,17.9,28.0,16.0,16.0,,,,7.1,0,,,990.5,988.5,986.9,988.6,,,,,,,70.0,44.0,46.0,53.0,,-1,-1,,,,,,,,,,,13,,22,30,28,31,17,24,16,1,2,1,1.6,1244.0
19,2025-07-20,,,1.0,0.0,,6.0,,0,0,,16.2,17.8,18.8,17.6,8.0,8.0,28.0,0,,0,7.6,0,0,0,941.3,937.1,937.3,938.6,0,0,,,,,78.0,44.0,64.0,62.0,,2,-1,,,,,-1.0,0,-1.0,10000.0,,6000.0,10,0,18,29,24,31,14,22,10,1,1,1,1.1,1456.0
20,2025-07-20,,,,,,,,0,0,2177.0,14.5,16.3,19.3,16.7,16.0,20.0,28.0,,,,9.4,0,,,901.0,897.8,896.9,898.6,,,,,,,82.0,44.0,63.0,63.0,,7,-1,,,,,,,,,,,9,,16,28,25,29,14,22,13,2,2,1,2.1,141.0
21,2025-07-20,,1.0,0.0,0.0,3.0,5.0,27.0,0,0,2587.0,17.7,20.5,16.6,18.3,4.0,24.0,12.0,1,0,0,8.3,0,0,1,941.3,938.4,937.7,939.1,0,0,,,,,88.0,52.0,50.0,63.0,,2,-1,,,,,-1.0,0,-1.0,30000.0,40000.0,30000.0,11,0,18,29,26,31,15,23,14,1,1,1,1.1,1128.0
22,2025-07-20,2.0,1.0,0.0,2.0,4.0,10.0,53.0,0,0,2580.0,18.2,17.6,20.3,18.7,20.0,16.0,8.0,0,0,0,7.7,0,0,0,988.4,986.2,984.7,986.4,0,0,,,,,62.0,38.0,56.0,52.0,,-1,-1,,0,0,,-1.0,0,-1.0,20000.0,20000.0,20000.0,12,0,24,32,27,32,18,25,17,1,2,2,2.1,1547.0
23,2025-07-20,,,,,,,,0,0,,18.9,18.4,18.3,18.5,8.0,8.0,8.0,,,,7.3,0,,,973.3,970.7,968.7,970.9,,,,,,,89.0,45.0,50.0,61.0,,-1,-1,,,,,,,,,,,,,19,29,28,31,18,24,15,1,2,3,2.8,201.0
24,2025-07-20,0.0,,,2.0,,,,0,0,2304.0,17.0,23.2,21.3,20.5,0.0,28.0,32.0,1,,,11.7,0,0,0,958.2,955.1,954.3,955.9,0,0,,,,,82.0,62.0,64.0,69.0,,,-1,,,,,-1.0,0,-1.0,25000.0,,,12,0,18,28,26,29,15,22,14,0,2,1,1.2,2101.0
25,2025-07-20,,,,,,,,0,0,,16.1,16.2,17.1,16.5,12.0,16.0,16.0,,,,8.3,0,,,896.2,894.9,894.3,895.1,,,,,,,85.0,52.0,67.0,68.0,,0,-1,,,,,,,,,,,7,,17,25,22,25,17,21,15,1,2,2,2.1,1051.0
26,2025-07-20,,,,,,,,0,0,2642.0,16.3,15.1,18.9,16.8,4.0,20.0,20.0,,,,5.2,0,,,948.4,946.4,944.6,946.5,,,,,,,83.0,40.0,62.0,62.0,,-1,-1,,,,,,,,,,,13,,17,28,24,30,12,21,12,1,2,1,1.6,1302.0
27,2025-07-20,,,,,,,,0,0,,19.6,19.9,15.0,18.2,16.0,12.0,8.0,,,,8.2,0,,,,,,,,,,,,,89.0,50.0,42.0,60.0,,-1,-1,,,,,,,,,,,11,,19,29,27,30,18,24,13,1,3,2,2.8,1308.0
28,2025-07-20,,,,,,,,0,0,,11.4,10.4,10.5,10.8,12.0,0.0,20.0,,,,13.5,0,,,840.7,838.6,837.8,839.0,,,,,,,92.0,37.0,40.0,56.0,,-1,-1,,,,,,,,,,,,,10,23,22,25,10,17,10,1,0,2,1.2,2356.0
30,2025-07-20,,,,,,,,,,,20.7,17.7,20.2,19.5,,,,,,,,1,,,968.5,966.4,964.9,966.6,,,,,,,91.0,43.0,56.0,63.0,,,-1,,,,,,,,,,,,,20,30,27,31,19,25,19,,,,,
31,2025-07-20,,,,,,,,0,0,2732.0,18.3,15.0,17.8,17.0,12.0,16.0,12.0,,,,7.1,0,,,992.3,990.0,988.5,990.3,,,,,,,71.0,34.0,46.0,50.0,,-1,-1,,,,,,,,,,,13,,22,31,28,32,16,24,14,1,1,2,1.6,1612.0
32,2025-07-20,,,,,,,,0,0,2561.0,17.5,16.1,17.3,17.0,16.0,20.0,12.0,,,,10.5,0,,,985.2,983.2,981.8,983.4,,,,,,,62.0,37.0,46.0,48.0,,-1,-1,,,,,,,,,,,12,,23,31,28,32,17,24,13,2,1,2,2.1,354.0
36,2025-07-20,,,,,,,,0,0,2428.0,15.4,16.3,16.5,16.1,28.0,12.0,8.0,,,,9.6,0,,,906.2,905.3,904.0,905.2,,,,,,,73.0,53.0,61.0,62.0,,-1,-1,,,,,,,,,,,11,,18,25,22,26,16,21,,3,2,3,3.9,348.0
37,2025-07-20,,,,,,,,0,0,2662.0,17.9,13.8,16.1,15.9,32.0,20.0,12.0,,,,5.8,0,,,980.8,978.8,977.4,979.0,,,,,,,72.0,32.0,42.0,49.0,,-1,-1,,,,,,,,,,,13,,21,30,28,32,14,23,13,1,1,1,1.1,1533.0
38,2025-07-20,1.0,0.0,0.0,8.0,4.0,4.0,53.0,0,0,2176.0,15.9,16.7,17.5,16.7,12.0,16.0,24.0,1,0,0,5.0,0,0,1,924.4,919.8,918.4,920.9,0,0,,,,,87.0,45.0,54.0,62.0,,,-1,,1,,,-1.0,0,-1.0,100.0,20000.0,20000.0,8,0,16,28,25,29,15,22,,1,1,1,1.1,825.0
39,2025-07-20,0.0,,,7.0,,,,0,0,2555.0,16.3,19.0,14.6,16.6,20.0,4.0,16.0,1,,,14.1,0,0,0,942.0,936.9,935.4,938.1,0,0,,,,,85.0,49.0,36.0,57.0,,3,-1,,1,,,-1.0,0,-1.0,8000.0,,,11,1,17,29,29,33,15,24,15,1,2,4,3.5,1855.0
40,2025-07-20,,,,,,,,0,0,,15.5,15.9,18.3,16.6,12.0,4.0,12.0,,,,8.6,0,,,933.2,928.9,927.7,929.9,,,,,,,82.0,40.0,60.0,61.0,,,-1,,,,,,,,,,,,,17,29,24,30,15,23,14,2,2,3,3.3,34.0
42,2025-07-20,,,,,,,,0,0,2388.0,17.3,17.2,22.5,19.0,20.0,8.0,32.0,,,,8.5,0,,,950.1,945.2,943.8,946.4,,,,,,,89.0,45.0,75.0,70.0,,8,-1,,,,,,,,,,,10,,17,28,24,29,15,22,,2,2,1,2.1,845.0
43,2025-07-20,,,,,,,,0,0,2020.0,12.9,14.9,17.8,15.2,4.0,20.0,8.0,,,,6.0,0,,,864.2,862.6,862.5,863.1,,,,,,,85.0,62.0,82.0,76.0,,13,1,,,,,,,,,,,7,,13,21,19,22,10,16,8,1,1,1,1.1,1147.0
44,2025-07-20,,,,,,,,0,0,2219.0,15.5,17.4,17.8,16.9,24.0,8.0,12.0,,,,8.9,0,,,927.6,924.4,923.6,925.2,,,,,,,77.0,48.0,59.0,61.0,,1,-1,,,,,,,,,,,8,,18,27,24,28,17,22,16,2,3,2,3.3,1842.0
46,2025-07-20,,,,,,,,0,0,2596.0,17.6,16.3,18.1,17.3,8.0,8.0,4.0,,,,5.3,0,,,987.0,984.7,983.3,985.0,,,,,,,68.0,37.0,49.0,51.0,,-1,-1,,,,,,,,,,,13,,22,31,28,32,15,23,13,1,2,1,1.6,1235.0
47,2025-07-20,1.0,1.0,0.0,3.0,6.0,6.0,50.0,0,0,2457.0,14.2,16.5,17.7,16.1,8.0,8.0,28.0,2,1,0,5.3,0,0,0,899.2,895.7,894.5,896.5,0,0,,,,,80.0,53.0,73.0,69.0,,,-1,,1,0,,-1.0,0,-1.0,15000.0,20000.0,15000.0,9,0,16,25,21,26,12,19,12,1,2,1,1.6,1307.0
48,2025-07-20,,1.0,1.0,0.0,3.0,5.0,27.0,0,0,,16.5,17.0,14.1,15.9,28.0,12.0,16.0,1,,,9.2,0,0,0,960.1,956.7,955.4,957.4,0,0,,,,,73.0,41.0,37.0,50.0,,1,-1,,,,,-1.0,0,,65000.0,60000.0,45000.0,13,0,20,30,28,31,16,24,14,1,2,3,2.8,1746.0
49,2025-07-20,,,,,,,,0,0,,19.4,17.0,20.8,19.1,0.0,20.0,12.0,,,,5.8,0,,,,,,,,,,,,,88.0,41.0,60.0,63.0,,-1,-1,,,,,,,,,,,10,,19,30,27,31,17,24,16,0,1,1,0.7,1459.0
50,2025-07-20,,,,,,,,0,0,2005.0,14.6,16.9,18.3,16.6,12.0,4.0,16.0,,,,7.6,0,,,920.7,916.0,914.8,917.2,,,,,,,78.0,47.0,64.0,63.0,,-1,-1,,,,,,,,,,,7,,17,27,23,28,16,22,15,3,1,1,2.2,534.0
51,2025-07-20,,,,,,,,0,0,2695.0,19.2,16.8,19.9,18.6,20.0,28.0,8.0,,,,6.4,0,,,989.3,987.3,985.6,987.4,,,,,,,72.0,37.0,55.0,55.0,,-1,-1,,,,,,,,,,,13,,22,31,27,32,17,24,15,2,2,2,2.7,836.0
52,2025-07-20,,,,,,,,0,0,2646.0,17.6,16.1,19.2,17.6,28.0,12.0,8.0,,,,5.6,0,,,985.7,983.5,982.0,983.7,,,,,,,70.0,37.0,52.0,53.0,,-1,-1,,,,,,,,,,,13,,21,31,28,32,15,24,,1,1,1,1.1,201.0
53,2025-07-20,,,,,,,,0,0,2442.0,21.7,17.6,19.7,19.7,0.0,12.0,8.0,,,,6.1,1,,,950.5,948.9,947.4,948.9,,,,,,,94.0,48.0,61.0,68.0,,2,-1,,,,,,,,,,,10,,20,28,25,29,19,24,19,0,1,2,1.2,1621.0
54,2025-07-20,,,,,,,,0,0,2542.0,22.1,20.1,21.9,21.4,24.0,12.0,8.0,,,,7.1,0,,,979.8,977.3,975.3,977.5,,,,,,,88.0,47.0,55.0,63.0,,1,-1,,,,,,,,,,,11,,21,30,29,31,20,26,20,1,2,2,2.1,1546.0
55,2025-07-20,,,,,,,,0,0,2012.0,15.3,17.6,17.5,16.8,28.0,24.0,12.0,,,,10.1,0,,,936.8,933.4,932.7,934.3,,,,,,,79.0,55.0,56.0,63.0,,10,1,,,,,,,,,,,8,,17,25,25,28,14,21,12,1,2,1,1.6,1655.0
56,2025-07-20,,,,,,,,0,0,2447.0,18.0,16.4,17.0,17.1,32.0,4.0,8.0,,,,6.4,0,,,979.3,976.6,974.6,976.8,,,,,,,73.0,40.0,43.0,52.0,,-1,-1,,,,,,,,,,,11,,21,29,29,31,18,24,16,1,2,1,1.6,1336.0
57,2025-07-20,,,,,,,,0,0,2524.0,16.6,15.1,15.9,15.9,28.0,0.0,16.0,,,,4.7,0,,,946.6,945.1,943.6,945.1,,,,,,,73.0,38.0,47.0,53.0,,-1,-1,,,,,,,,,,,12,,20,29,26,30,13,22,12,1,0,1,0.7,1257.0
58,2025-07-20,,,,,,,,0,0,2662.0,18.6,15.9,18.9,17.8,24.0,20.0,16.0,,,,6.9,0,,,986.8,984.7,983.3,984.9,,,,,,,67.0,36.0,49.0,51.0,,-1,-1,,,,,,,,,,,12,,23,31,28,32,17,25,16,1,2,1,1.6,1501.0
59,2025-07-20,,,,,,,,0,0,2649.0,15.2,15.1,17.1,15.8,12.0,12.0,16.0,,,,9.7,0,,,914.2,912.1,910.9,912.4,,,,,,,91.0,45.0,56.0,64.0,,-1,-1,,,,,,,,,,,12,,15,26,24,28,13,20,11,2,2,2,2.7,2003.0
60,2025-07-20,,,,,,,,0,0,,17.9,19.4,20.8,19.4,4.0,4.0,8.0,,,,9.2,0,,,951.9,949.0,947.3,949.4,,,,,,,78.0,54.0,61.0,64.0,,-1,-1,,,,,,,,,,,,,20,27,26,28,19,24,,2,3,3,3.9,1706.0
61,2025-07-20,,,,,,,,0,0,2314.0,15.2,18.6,18.7,17.5,24.0,4.0,24.0,,,,5.3,0,,,938.6,934.0,932.7,935.1,,,,,,,87.0,51.0,70.0,69.0,,13,-1,,,,,,,,,,,9,,15,27,22,29,13,21,11,1,1,1,1.1,2054.0
62,2025-07-20,,1.0,0.0,0.0,2.0,3.0,17.0,0,0,2418.0,15.4,16.4,16.0,15.9,0.0,16.0,12.0,1,0,0,7.3,0,0,0,,,,,0,0,,,,,85.0,44.0,53.0,61.0,,2,-1,,,,,-1.0,0,-1.0,60000.0,60000.0,60000.0,10,0,16,28,24,30,13,22,12,0,1,1,0.7,1534.0
63,2025-07-20,,,,,,,,0,0,2276.0,15.9,17.9,17.1,17.0,28.0,16.0,20.0,,,,8.9,0,,,901.1,899.8,899.0,900.0,,,,,,,74.0,61.0,66.0,67.0,,-1,-1,,,,,,,,,,,8,,19,24,22,24,16,20,14,1,3,2,2.8,1117.0
64,2025-07-20,,,,,,,,0,0,2597.0,15.7,14.7,16.9,15.8,4.0,20.0,16.0,,,,9.2,0,,,914.7,912.0,910.8,912.5,,,,,,,87.0,41.0,52.0,60.0,,2,-1,,,,,,,,,,,12,,16,27,26,28,14,21,,1,3,2,2.8,1339.0
65,2025-07-20,0.0,,,3.0,,,,0,0,2683.0,19.5,20.2,20.3,20.0,24.0,16.0,20.0,1,,,5.1,0,,,996.3,994.0,992.4,994.2,,,,,,,71.0,45.0,57.0,58.0,,-1,-1,,0,,,-1.0,0,-1.0,4000.0,,,13,,23,31,27,32,17,25,,1,2,1,1.6,1039.0
66,2025-07-20,0.0,,1.0,5.0,,7.0,,0,0,1829.0,10.0,11.7,10.8,10.8,16.0,24.0,8.0,1,,0,6.3,0,0,0,805.1,804.4,804.0,804.5,0,0,,,,,76.0,53.0,55.0,61.0,,1,-1,,,,,-1.0,0,-1.0,100000.0,,40000.0,4,0,11,19,17,20,8,14,,1,1,1,1.1,1321.0
67,2025-07-20,,,,,,,,0,0,2636.0,16.9,15.3,14.0,15.4,20.0,20.0,12.0,,,,10.2,0,,,957.6,956.3,955.1,956.3,,,,,,,73.0,40.0,41.0,51.0,,-1,-1,,,,,,,,,,,13,,20,28,26,29,18,23,17,2,2,3,3.3,339.0
68,2025-07-20,,,,,,,,0,0,2731.0,11.3,12.9,11.9,12.0,28.0,12.0,16.0,,,,8.5,0,,,824.5,823.5,822.9,823.6,,,,,,,73.0,51.0,58.0,61.0,,24,-1,,,,,,,,,,,11,,14,21,18,22,10,16,,1,3,2,2.8,1222.0
69,2025-07-20,,,,,,,,0,0,2256.0,15.8,17.0,20.9,17.9,0.0,16.0,16.0,,,,7.6,0,,,934.5,930.8,930.4,931.9,,,,,,,87.0,50.0,75.0,71.0,,13,-1,,,,,,,,,,,8,,16,26,23,27,13,20,11,0,1,1,0.7,118.0
70,2025-07-20,,,,,,,,0,0,2729.0,18.4,13.9,18.1,16.8,12.0,20.0,12.0,,,,5.2,0,,,986.0,984.1,982.6,984.2,,,,,,,73.0,32.0,52.0,52.0,,-1,-1,,,,,,,,,,,13,,21,31,27,32,15,23,14,1,1,1,1.1,1042.0
71,2025-07-20,,,,,,,,0,0,2738.0,15.6,15.4,18.0,16.3,12.0,16.0,4.0,,,,7.1,0,,,893.7,892.3,891.2,892.4,,,,,,,84.0,47.0,68.0,66.0,,,-1,,,,,,,,,,,11,,16,26,22,27,14,20,9,1,2,2,2.1,1431.0
72,2025-07-20,,,,,,,,0,0,2415.0,18.2,17.4,18.6,18.1,0.0,4.0,4.0,,,,5.5,0,,,943.5,941.9,940.7,942.0,,,,,,,67.0,44.0,57.0,56.0,,,-1,,,,,,,,,,,12,,23,29,26,29,13,21,13,0,1,1,0.7,1711.0
73,2025-07-20,,,,,,,,0,0,2730.0,15.7,18.5,19.8,18.0,8.0,8.0,4.0,,,,5.8,0,,,918.2,913.8,912.9,915.0,,,,,,,85.0,46.0,69.0,67.0,,6,-1,,,,,,,,,,,12,,16,29,23,30,13,21,12,1,2,1,1.6,1453.0
75,2025-07-20,,,,,,,,0,0,,18.1,17.6,17.4,17.7,8.0,4.0,8.0,,,,9.6,0,,,964.3,961.2,959.5,961.7,,,,,,,79.0,40.0,44.0,54.0,,-1,-1,,,,,,,,,,,,,20,31,29,31,18,25,18,2,3,3,3.9,1418.0
76,2025-07-20,,,,,,,,1,0,,15.0,20.0,19.7,18.2,12.0,28.0,32.0,,,,18.1,1,,,915.2,912.0,911.6,912.9,,,,,,,80.0,60.0,73.0,71.0,,,0,,,,,,,,,,,,,17,26,22,27,12,19,10,1,3,1,2.2,1901.0
77,2025-07-20,,,,,,,,0,0,2651.0,18.1,14.9,15.2,16.1,12.0,16.0,8.0,,,,6.4,0,,,940.2,938.5,936.7,938.5,,,,,,,79.0,42.0,48.0,56.0,,-1,-1,,,,,,,,,,,13,,20,27,25,28,14,21,12,1,2,2,2.1,1343.0
78,2025-07-20,,,,0.0,,,,0,0,2583.0,13.8,16.6,15.9,15.4,16.0,32.0,20.0,2,,,10.3,0,0,0,906.5,902.4,902.0,903.6,0,0,,,,,83.0,45.0,61.0,63.0,,10,-1,,,,,-1.0,0,-1.0,25000.0,,,10,0,15,28,22,29,12,20,10,1,2,1,1.6,1656.0
80,2025-07-20,,,,,,,,0,0,2417.0,17.9,13.7,19.7,17.1,32.0,24.0,32.0,,,,5.6,0,,,954.7,952.3,951.4,952.8,,,,,,,79.0,33.0,63.0,58.0,,-1,-1,,0,0,,,,,,,,10,,20,30,25,30,15,23,13,1,1,1,1.1,1550.0
81,2025-07-20,,,,,,,,0,0,2691.0,16.8,14.1,16.2,15.7,8.0,16.0,12.0,,,,7.5,0,,,972.9,971.0,969.7,971.2,,,,,,,70.0,34.0,44.0,49.0,,-1,-1,,,,,,,,,,,13,,21,30,28,31,16,23,14,1,2,2,2.1,319.0
82,2025-07-20,,,,,,,,1,0,2194.0,8.2,10.2,11.6,10.0,12.0,16.0,16.0,,,,20.3,0,,,770.0,769.7,768.6,769.4,,,,,,,60.0,62.0,82.0,68.0,,24,0,,,,,,,,,,,8,,12,14,12,16,7,11,,2,3,7,7.5,2155.0
83,2025-07-20,,,,,,,,0,0,,15.5,20.0,17.2,17.6,12.0,16.0,20.0,,,,3.9,0,,,902.2,898.6,897.6,899.5,,,,,,,92.0,74.0,73.0,80.0,,,-1,,,,,,,,,,,,,15,22,20,26,14,20,14,1,1,1,1.1,1303.0
85,2025-07-20,,,,,,,,0,0,2841.0,9.9,11.8,10.9,10.9,20.0,8.0,12.0,,,,10.5,0,,,803.7,803.3,802.2,803.1,,,,,,,58.0,54.0,57.0,56.0,,14,-1,,,,,,,,,,,13,,15,19,17,19,9,14,,3,2,3,3.9,326.0
86,2025-07-20,,,,,,,,0,0,2255.0,13.5,16.4,16.1,15.3,32.0,16.0,12.0,,,,11.3,1,,,854.8,854.5,853.3,854.2,,,,,,,84.0,71.0,79.0,78.0,,1,-1,,,,,,,,,,,8,,14,20,18,21,14,17,,3,2,3,3.9,144.0
87,2025-07-20,,,,,,,,0,0,2314.0,15.0,15.5,12.6,14.4,8.0,12.0,12.0,,,,7.4,0,,,880.4,877.7,876.3,878.1,,,,,,,92.0,54.0,43.0,63.0,,5,-1,,,,,,,,,,,10,,14,23,24,26,13,19,11,2,3,2,3.3,2332.0
88,2025-07-20,,,,,,,,0,0,2526.0,15.9,13.4,17.1,15.5,20.0,20.0,16.0,,,,8.8,0,,,900.9,899.6,898.6,899.7,,,,,,,85.0,43.0,61.0,63.0,,-1,-1,,0,0,,,,,,,,10,,17,25,23,26,14,20,13,2,3,2,3.3,1149.0
89,2025-07-20,,,,,,,,0,0,2497.0,17.8,17.3,20.6,18.6,8.0,20.0,4.0,,,,4.3,0,,,952.0,950.4,949.0,950.5,,,,,,,93.0,44.0,77.0,71.0,,-1,-1,,,,,,,,,,,12,,17,29,22,30,11,20,12,1,1,1,1.1,1248.0
90,2025-07-20,,,,,,,,0,0,2604.0,19.5,21.2,18.2,19.6,0.0,12.0,20.0,,,,5.9,0,,,965.3,961.6,960.1,962.3,,,,,,,84.0,48.0,51.0,61.0,,0,-1,,,,,,,,,,,12,,20,31,27,32,17,25,16,0,2,1,1.2,1746.0
91,2025-07-20,,,,,,,,0,0,2632.0,18.2,18.2,13.3,16.6,32.0,4.0,20.0,,,,11.5,0,,,952.6,948.7,947.3,949.5,,,,,,,80.0,45.0,35.0,53.0,,1,-1,,,,,,,,,,,13,,20,29,28,31,16,23,13,1,1,3,2.2,1918.0
92,2025-07-20,,,,,,,,0,0,,14.0,14.4,13.8,14.1,24.0,16.0,16.0,,,,14.2,0,,,895.6,892.1,891.6,893.1,,,,,,,90.0,42.0,50.0,61.0,,6,-1,,,,,,,,,,,,,14,26,23,27,12,19,10,1,2,2,2.1,2013.0
93,2025-07-20,0.0,,2.0,3.0,0.0,8.0,37.0,0,0,2646.0,18.4,17.1,18.1,17.9,20.0,8.0,4.0,0,0,0,7.3,0,0,0,978.6,976.3,974.7,976.5,0,0,,,,,76.0,39.0,47.0,54.0,,-1,-1,,0,0,,-1.0,0,-1.0,30000.0,30000.0,30000.0,13,0,21,31,28,32,17,25,16,3,1,2,2.8,754.0
94,2025-07-20,,,,,,,,0,0,2344.0,17.7,18.4,19.7,18.6,24.0,16.0,32.0,,,,6.0,1,,,928.7,927.3,926.0,927.3,,,,,,,83.0,52.0,71.0,69.0,,,-1,,,,,,,,,,,9,,19,27,23,28,17,23,17,1,1,1,1.1,207.0
95,2025-07-20,,,,,,,,0,0,2656.0,18.6,19.2,15.8,17.9,32.0,20.0,16.0,,,,6.3,0,,,958.8,955.3,954.0,956.0,,,,,,,75.0,47.0,43.0,55.0,,0,-1,,,,,,,,,,,13,,21,29,28,31,16,23,14,1,2,2,2.1,1744.0
97,2025-07-20,,,,,,,,0,0,2377.0,13.4,14.6,15.3,14.4,32.0,12.0,12.0,,,,8.5,0,,,870.8,869.1,868.1,869.3,,,,,,,86.0,50.0,60.0,65.0,,,-1,,,,,,,,,,,9,,14,24,22,24,12,18,,1,3,2,2.8,0.0
98,2025-07-20,2.0,0.0,,10.0,3.0,,,0,0,2311.0,15.1,15.6,16.7,15.8,20.0,28.0,28.0,2,0,,7.7,0,0,1,898.8,895.3,894.7,896.3,0,0,,,,,92.0,44.0,57.0,64.0,,12,-1,,1,,,-1.0,0,-1.0,1000.0,50000.0,,8,0,14,27,24,29,13,21,13,1,1,1,1.1,1503.0
100,2025-07-20,,0.0,0.0,0.0,7.0,7.0,47.0,0,0,,16.5,17.7,15.4,16.5,24.0,8.0,20.0,0,0,0,9.2,0,0,0,955.3,951.6,950.9,952.6,0,0,,,,,70.0,42.0,40.0,51.0,,0,-1,,,,,-1.0,0,-1.0,30000.0,25000.0,25000.0,,0,20,30,28,32,17,25,16,2,1,3,2.8,1839.0
101,2025-07-20,,,,,,,,0,0,2477.0,17.5,20.9,20.1,19.5,4.0,12.0,4.0,,,,4.8,0,,,967.0,964.0,962.3,964.4,,,,,,,81.0,48.0,63.0,64.0,,-1,-1,,,,,,,,,,,9,,19,31,25,31,14,23,,2,1,1,1.6,1734.0
102,2025-07-20,,,,,,,,0,0,2309.0,14.3,18.4,13.8,15.5,4.0,12.0,12.0,,,,9.8,0,,,905.6,903.2,903.3,904.0,,,,,,,86.0,53.0,50.0,63.0,,2,-1,,,,,,,,,,,9,,15,27,23,27,14,20,14,1,2,1,1.6,1434.0
103,2025-07-20,,,,,,,,0,0,2649.0,15.5,17.9,15.6,16.3,28.0,20.0,20.0,,,,8.5,0,,,931.5,928.1,927.3,929.0,,,,,,,83.0,44.0,46.0,58.0,,0,-1,,,,,,,,,,,13,,17,29,26,30,13,22,12,1,1,2,1.6,1448.0
104,2025-07-20,,,,,,,,0,0,2497.0,17.5,17.3,22.1,19.0,4.0,4.0,0.0,,,,8.0,0,,,,,,,,,,,,,83.0,40.0,67.0,63.0,,-1,-1,,,,,,,,,,,11,,18,30,26,32,15,23,13,1,1,0,0.7,853.0
105,2025-07-20,,,,,,,,0,0,2563.0,19.4,15.7,17.8,17.6,12.0,8.0,12.0,,,,6.9,0,,,985.5,983.4,981.9,983.6,,,,,,,68.0,37.0,47.0,51.0,,-1,-1,,,,,,,,,,,12,,23,30,28,32,18,25,15,1,1,2,1.6,402.0
106,2025-07-20,,,,,,,,0,0,2611.0,20.3,15.6,18.1,18.0,12.0,20.0,12.0,,,,5.2,0,,,983.3,981.4,979.9,981.5,,,,,,,71.0,35.0,48.0,51.0,,-1,-1,,,,,,,,,,,12,,23,31,28,32,15,23,,1,1,1,1.1,728.0
107,2025-07-20,,,,,,,,0,0,2623.0,18.8,15.3,17.9,17.3,16.0,20.0,12.0,,,,7.2,0,,,986.6,984.4,983.1,984.7,,,,,,,68.0,34.0,47.0,50.0,,-1,-1,,,,,,,,,,,13,,23,31,28,32,18,25,16,2,2,3,3.3,1657.0
108,2025-07-20,0.0,0.0,0.0,3.0,3.0,1.0,23.0,0,0,,17.6,16.7,18.7,17.7,24.0,4.0,12.0,1,0,0,6.7,0,0,0,942.2,938.8,937.6,939.5,0,0,,,,,82.0,39.0,49.0,57.0,,-1,-1,,,,,-1.0,0,-1.0,25000.0,25000.0,30000.0,11,0,19,30,28,32,17,24,16,1,1,2,1.6,1705.0
109,2025-07-20,,,,,,,,0,0,,17.9,18.5,21.5,19.3,12.0,24.0,24.0,,,,6.1,0,,,948.1,944.7,943.1,945.3,,,,,,,74.0,44.0,64.0,61.0,,-1,-1,,,,,,,,,,,13,,21,30,26,30,18,24,,1,2,1,1.6,940.0
111,2025-07-20,1.0,0.0,0.0,7.0,5.0,5.0,57.0,,,,17.3,16.4,15.9,16.5,32.0,8.0,8.0,1,0,0,,0,0,0,940.0,937.7,935.8,937.8,0,0,,,,,81.0,48.0,49.0,59.0,,-1,-1,,0,0,,-1.0,0,-1.0,30000.0,30000.0,30000.0,,0,19,26,25,27,18,23,18,1,3,3,3.4,
112,2025-07-20,1.0,1.0,0.0,5.0,6.0,6.0,57.0,0,0,2508.0,18.5,16.4,19.4,18.1,24.0,12.0,8.0,0,0,0,5.8,0,0,0,977.5,975.3,973.8,975.5,0,0,,,,,75.0,38.0,50.0,54.0,,-1,-1,,0,0,,-1.0,0,-1.0,40000.0,40000.0,35000.0,12,0,21,30,29,31,16,24,14,1,1,2,1.6,1050.0
113,2025-07-20,,,,,,,,0,0,,16.6,18.4,17.4,17.5,24.0,20.0,8.0,,,,13.3,0,,,926.5,922.1,920.8,923.1,,,,,,,87.0,52.0,58.0,66.0,,10,,,,,,,,,,,,10,,17,27,24,29,15,22,,1,1,2,1.6,1649.0
115,2025-07-20,0.0,0.0,1.0,5.0,2.0,7.0,47.0,0,0,,16.4,17.5,20.7,18.2,16.0,32.0,4.0,1,0,1,7.7,0,0,0,935.1,931.9,931.1,932.7,0,0,,,,,86.0,45.0,69.0,67.0,,,-1,,1,1,,-1.0,0,-1.0,40000.0,40000.0,30000.0,,0,17,29,24,30,17,23,16,1,2,1,1.6,1629.0
116,2025-07-20,,,,,,,,0,0,2666.0,20.5,18.0,21.4,20.0,4.0,8.0,28.0,,,,6.8,0,,,970.1,967.5,966.0,967.9,,,,,,,79.0,43.0,59.0,60.0,,-1,-1,,,,,,,,,,,11,,22,30,27,30,20,25,18,1,2,1,1.6,1047.0
118,2025-07-20,,,,,,,,0,0,2278.0,15.7,20.4,17.8,18.0,12.0,28.0,20.0,,,,4.9,0,,,924.3,920.5,919.2,921.3,,,,,,,86.0,56.0,58.0,67.0,,12,-1,,,,,,,,,,,11,,16,27,25,30,13,21,12,1,1,1,1.1,2017.0
119,2025-07-20,,,,,,,,0,0,1733.0,13.6,17.4,18.7,16.6,20.0,4.0,24.0,,,,9.5,0,,,868.5,865.5,864.6,866.2,,,,,,,87.0,61.0,73.0,74.0,,-1,-1,,,,,,,,,,,4,,14,23,22,24,13,19,14,2,2,1,2.1,2228.0
120,2025-07-20,,,,,,,,0,0,,17.5,20.5,14.5,17.5,12.0,4.0,16.0,,,,11.1,0,,,959.1,955.5,954.4,956.3,,,,,,,76.0,49.0,38.0,54.0,,1,-1,,,,,,,,,,,,,20,30,28,32,17,24,15,1,1,3,2.2,1748.0
121,2025-07-20,,,,,,,,0,0,2078.0,12.7,13.8,14.2,13.6,12.0,16.0,16.0,,,,12.8,0,,,864.8,862.0,861.4,862.7,,,,,,,96.0,49.0,57.0,67.0,,-1,-1,,,,,,,,,,,7,,11,23,21,24,11,17,11,2,4,4,5.4,1207.0
122,2025-07-20,2.0,2.0,,1.0,3.0,,,0,0,2748.0,12.4,15.0,13.6,13.7,8.0,20.0,24.0,1,0,,12.2,0,0,0,846.0,845.6,844.6,845.4,0,0,,,,,73.0,57.0,65.0,65.0,,1,-1,,,,0.0,-1.0,0,-1.0,80000.0,80000.0,,12,0,15,22,18,23,11,17,9,1,1,3,2.2,17.0
124,2025-07-20,,,,,,,,0,0,2291.0,16.2,15.1,19.3,16.9,24.0,12.0,28.0,,,,7.3,0,,,913.8,911.4,910.7,912.0,,,,,,,90.0,44.0,72.0,69.0,,,0,,,,,,,,,,,8,,16,26,22,29,15,22,14,1,1,1,1.1,1434.0
126,2025-07-20,,,,,,,,0,0,2041.0,16.6,19.0,21.3,19.0,24.0,4.0,8.0,,,,4.0,0,,,936.5,931.5,929.8,932.6,,,,,,,88.0,55.0,71.0,71.0,,2,-1,,,,,,,,,,,8,,17,27,24,29,15,22,14,1,1,1,1.1,1937.0
127,2025-07-20,,,,,,,,0,0,,15.9,16.7,12.9,15.2,32.0,8.0,20.0,,,,14.8,0,,,907.6,904.0,902.5,904.7,,,,,,,87.0,51.0,36.0,58.0,,4,-1,,,,,,,,,,,,,16,26,27,28,13,21,13,1,2,2,2.1,1855.0
129,2025-07-20,,,,0.0,,,,0,0,2489.0,15.8,15.2,19.4,16.8,24.0,32.0,24.0,2,,,9.6,0,0,,939.6,935.6,934.5,936.6,0,0,,,,,84.0,37.0,66.0,62.0,,5,-1,,1,,,-1.0,0,-1.0,80000.0,,,11,0,17,30,24,30,15,23,14,3,1,1,2.2,443.0
130,2025-07-20,,,,,,,,0,0,1681.0,13.7,17.8,16.7,16.1,24.0,8.0,20.0,,,,5.8,0,,,892.2,889.8,889.5,890.5,,,,,,,85.0,65.0,66.0,72.0,,,0,,,,,,,,,,,5,,14,23,21,25,13,19,12,2,1,1,1.6,1001.0
131,2025-07-20,,,,,,,,0,0,,17.9,18.8,21.2,19.3,12.0,32.0,4.0,,,,8.7,0,,,958.6,955.3,953.4,955.8,,,,,,,79.0,44.0,53.0,59.0,,,-1,,,,,,,,,,,13,,20,30,29,31,18,24,17,3,2,3,3.9,
132,2025-07-20,,,,,,,,0,0,2615.0,17.5,18.9,23.2,19.9,12.0,28.0,12.0,,,,8.8,0,,,952.1,948.1,946.7,949.0,,,,,,,73.0,45.0,70.0,63.0,,-1,-1,,,,,,,,,,,12,,20,30,26,30,17,24,15,2,2,1,2.1,611.0
133,2025-07-20,,,,,,,,0,0,,14.5,18.2,17.2,16.6,4.0,28.0,4.0,,,,9.9,0,,,917.7,915.6,914.9,916.1,,,,,,,66.0,52.0,56.0,58.0,,-1,-1,,,,,,,,,,,,,19,27,25,29,15,22,12,1,1,1,1.1,2038.0
134,2025-07-20,,,,,,,,0,0,2659.0,17.9,17.0,16.9,17.3,12.0,24.0,16.0,,,,5.6,0,,,990.5,988.4,986.9,988.6,,,,,,,74.0,38.0,43.0,52.0,,-1,-1,,,,,,,,,,,13,,21,31,29,32,15,24,14,1,1,2,1.6,1251.0
136,2025-07-20,,,,,,,,0,0,1987.0,13.3,15.0,17.2,15.2,12.0,28.0,12.0,,,,3.9,0,,,896.2,892.6,891.3,893.4,,,,,,,93.0,48.0,61.0,67.0,,0,-1,,,,,,,,,,,6,,12,25,23,27,11,19,8,1,1,1,1.1,1440.0
137,2025-07-20,,,,,,,,0,0,1871.0,12.6,17.2,15.0,14.9,4.0,32.0,8.0,,,,7.2,0,,,893.0,890.7,890.0,891.2,,,,,,,92.0,63.0,54.0,70.0,,13,0,,,,,,,,,,,6,,12,23,23,25,11,18,11,1,1,2,1.6,1842.0
138,2025-07-20,1.0,1.0,1.0,2.0,5.0,2.0,30.0,0,0,2179.0,13.7,18.1,14.5,15.4,0.0,4.0,20.0,1,0,0,9.4,0,0,0,,,,,0,0,,,,,92.0,54.0,45.0,64.0,,,-1,,1,0,,-1.0,0,-1.0,15000.0,20000.0,15000.0,7,0,13,26,25,29,12,21,,0,2,3,2.4,1816.0
139,2025-07-20,,,,,,,,0,0,2579.0,14.2,12.9,15.0,14.0,12.0,12.0,12.0,,,,12.4,0,,,896.6,893.8,892.9,894.4,,,,,,,92.0,37.0,50.0,60.0,,9,-1,,,,,,,,,,,10,,14,27,24,27,11,19,10,1,3,3,3.4,1458.0
140,2025-07-20,,,,,,,,0,0,,19.2,17.7,21.4,19.4,32.0,16.0,12.0,,,,7.1,0,,,,,,,,,,,,,83.0,44.0,66.0,64.0,,-1,-1,,0,0,,,,,,,,11,,20,29,25,30,18,24,16,1,2,1,1.6,1433.0
141,2025-07-20,,,,,,,,0,0,,18.2,17.6,16.2,17.3,16.0,8.0,8.0,,,,4.7,0,,,960.5,957.8,955.9,958.1,,,,,,,79.0,44.0,43.0,55.0,,-1,-1,,,,,,,,,,,,,20,29,28,30,18,24,17,1,1,1,1.1,1615.0
142,2025-07-20,0.0,0.0,0.0,4.0,7.0,8.0,63.0,0,0,2595.0,16.8,18.7,22.0,19.2,20.0,4.0,4.0,1,0,0,6.5,0,0,0,954.2,949.6,947.8,950.5,0,0,,,,,83.0,47.0,59.0,63.0,,14,-1,,1,0,,-1.0,0,-1.0,3000.0,30000.0,40000.0,13,0,18,29,28,31,16,24,15,2,1,1,1.6,512.0
144,2025-07-20,,,,,,,,0,0,2465.0,17.1,22.8,23.8,21.2,12.0,24.0,20.0,,,,7.9,0,,,958.9,956.3,954.4,956.5,,,,,,,72.0,56.0,73.0,67.0,,-1,-1,,,,,,,,,,,11,,20,29,26,30,19,24,17,2,2,1,2.1,1244.0
145,2025-07-20,,,,,,,,0,0,2605.0,16.9,17.3,20.4,18.2,16.0,32.0,28.0,,,,9.4,0,,,961.3,957.8,955.9,958.3,,,,,,,72.0,40.0,55.0,56.0,,1,-1,,,,,,,,,,,12,,20,30,28,31,18,25,17,3,2,1,2.8,710.0
146,2025-07-20,,,,,,,,0,0,1904.0,14.3,17.3,18.4,16.7,24.0,8.0,28.0,,,,7.7,0,,,889.1,886.0,885.5,886.9,,,,,,,93.0,58.0,74.0,75.0,,-1,-1,,,,,,,,,,,8,,13,24,21,26,10,18,10,1,1,1,1.1,2238.0
147,2025-07-20,,,,,,,,0,0,,15.6,18.8,15.9,16.8,16.0,4.0,4.0,,,,8.3,0,,,925.1,920.9,919.7,921.9,,,,,,,83.0,47.0,48.0,59.0,,0,-1,,,,,,,,,,,,,17,29,26,29,15,22,14,1,2,2,2.1,1708.0
148,2025-07-20,1.0,2.0,1.0,2.0,3.0,3.0,27.0,0,0,2582.0,17.4,14.7,16.2,16.1,0.0,12.0,8.0,0,,,7.2,0,0,0,944.8,943.3,941.8,943.3,0,0,,,,,69.0,39.0,49.0,52.0,,-1,-1,,,,,-1.0,0,,30000.0,30000.0,30000.0,12,1,21,28,26,30,14,22,13,0,1,2,1.2,1121.0
149,2025-07-20,,,,,,,,0,0,2095.0,12.6,15.9,16.3,14.9,24.0,12.0,0.0,,,,6.8,0,,,879.6,877.8,877.4,878.3,,,,,,,96.0,58.0,69.0,74.0,,,-1,,,,,,,,,,,6,,11,23,20,24,10,17,11,1,1,0,0.7,2227.0
150,2025-07-20,,,,,,,,0,0,2645.0,16.7,18.0,16.4,17.0,28.0,12.0,20.0,,,,7.2,0,,,950.4,946.2,945.6,947.4,,,,,,,84.0,45.0,50.0,60.0,,5,-1,,,,,,,,,,,12,,17,29,26,30,14,22,10,1,1,1,1.1,1551.0
151,2025-07-20,,,,,,,,0,0,2230.0,15.5,18.3,17.7,17.2,12.0,12.0,32.0,,,,10.1,0,,,906.5,903.0,902.0,903.8,,,,,,,94.0,57.0,69.0,73.0,,8,,,,,,,,,,,,9,,15,25,22,26,14,20,14,3,2,1,2.8,2336.0
152,2025-07-20,,,,,,,,0,0,2697.0,17.3,15.0,16.1,16.1,24.0,16.0,16.0,,,,5.3,0,,,988.4,986.3,984.7,986.5,,,,,,,77.0,34.0,42.0,51.0,,-1,-1,,,,,,,,,,,13,,19,31,28,32,14,23,14,1,1,1,1.1,1216.0
153,2025-07-20,,,,,,,,0,0,2449.0,14.7,15.0,17.1,15.6,28.0,16.0,12.0,,,,8.2,0,,,877.8,876.6,875.6,876.7,,,,,,,80.0,51.0,68.0,66.0,,-1,-1,,,,,,,,,,,10,,16,24,21,25,15,20,,2,2,2,2.7,136.0
154,2025-07-20,2.0,0.0,0.0,8.0,3.0,3.0,47.0,0,0,2427.0,19.5,18.6,21.4,19.8,20.0,16.0,8.0,0,0,0,5.6,0,0,0,979.0,977.0,975.4,977.1,0,0,,,,,83.0,46.0,58.0,62.0,,-1,-1,,0,0,,-1.0,0,-1.0,15000.0,15000.0,15000.0,10,0,20,29,28,31,19,25,17,1,2,1,1.6,1322.0
155,2025-07-20,0.0,0.0,0.0,1.0,3.0,3.0,23.0,0,0,2575.0,18.6,18.4,19.5,18.8,20.0,4.0,4.0,1,1,1,6.0,0,0,0,976.0,973.6,971.6,973.7,0,0,,,,,68.0,44.0,50.0,54.0,,-1,-1,,0,0,,-1.0,0,-1.0,40000.0,40000.0,40000.0,14,1,23,30,29,31,16,23,14,2,1,2,2.1,1620.0
156,2025-07-20,1.0,1.0,1.0,3.0,4.0,7.0,,0,0,,15.8,19.4,18.5,17.9,12.0,12.0,12.0,1,1,0,5.1,0,0,0,938.5,933.4,932.2,934.7,0,0,,,,,90.0,54.0,62.0,69.0,,10,-1,,1,0,,-1.0,0,-1.0,15000.0,30000.0,20000.0,,0,16,27,24,29,15,22,14,1,1,1,1.1,559.0
157,2025-07-20,,,,,,,,0,0,2653.0,16.9,14.9,15.1,15.6,4.0,12.0,8.0,,,,7.2,0,,,929.5,928.0,926.3,927.9,,,,,,,72.0,43.0,50.0,55.0,,-1,-1,,,,,,,,,,,13,,20,27,24,28,14,21,13,1,2,2,2.1,1246.0
158,2025-07-20,,,,,,,,0,0,2514.0,18.9,14.9,23.5,19.1,12.0,0.0,12.0,,,,6.2,0,,,992.1,989.9,988.6,990.2,,,,,,,80.0,33.0,68.0,60.0,,-1,-1,,,,,,,,,,,12,,20,31,27,31,14,23,13,1,0,1,0.7,1158.0
159,2025-07-20,1.0,0.0,0.0,8.0,4.0,3.0,50.0,0,0,2558.0,19.6,19.2,17.7,18.8,16.0,8.0,8.0,1,1,1,7.6,0,0,0,969.0,966.3,964.2,966.5,0,0,,,,,89.0,49.0,55.0,64.0,,-1,-1,,0,0,,-1.0,0,-1.0,3000.0,4000.0,3000.0,12,1,19,29,25,29,17,23,16,1,3,3,3.4,1515.0
160,2025-07-20,,,,,,,,0,0,2555.0,,,,,12.0,8.0,8.0,,,,7.0,0,,,963.7,961.2,959.2,961.4,,,,,,,,,,,,,,,,,,,,,,,,12,,,,,,,,,1,3,2,2.8,1304.0
161,2025-07-20,,,,,,,,0,0,2613.0,17.2,14.5,15.2,15.6,12.0,12.0,12.0,,,,7.1,0,,,931.9,930.3,928.7,930.3,,,,,,,74.0,39.0,47.0,53.0,,-1,-1,,,,,,,,,,,13,,20,28,25,29,15,22,13,1,2,1,1.6,43.0
162,2025-07-20,,,,,,,,0,0,2663.0,18.9,17.7,18.6,18.4,12.0,8.0,8.0,,,,8.0,0,,,,,,,,,,,,,83.0,42.0,49.0,58.0,,-1,-1,,,,,,,,,,,12,,20,30,28,30,18,24,17,1,2,2,2.1,1620.0
163,2025-07-20,,,,,,,,0,0,,17.3,21.8,20.3,19.8,12.0,16.0,12.0,,,,7.0,0,,,954.5,951.5,949.7,951.9,,,,,,,74.0,54.0,58.0,62.0,,1,-1,,,,,,,,,,,,,20,29,27,31,18,24,,2,2,1,2.1,1552.0
164,2025-07-20,1.0,,,2.0,,,,0,0,2621.0,18.3,17.0,18.4,17.9,4.0,4.0,4.0,0,,,4.9,0,0,0,971.4,969.6,968.1,969.7,0,0,,,,,73.0,39.0,53.0,55.0,,-1,-1,,0,,,-1.0,0,-1.0,6000.0,,,12,1,21,31,27,31,14,23,14,1,1,1,1.1,1239.0
165,2025-07-20,2.0,2.0,0.0,3.0,2.0,3.0,27.0,0,0,2679.0,16.9,13.0,19.2,16.4,24.0,24.0,16.0,2,1,1,4.1,0,0,0,930.7,926.9,925.4,927.7,0,0,,,,,87.0,31.0,60.0,59.0,,18,-1,,1,0,,-1.0,0,-1.0,10000.0,15000.0,15000.0,12,0,17,30,25,31,16,23,16,1,1,1,1.1,1428.0
166,2025-07-20,,,,,,,,0,0,2673.0,16.4,13.9,18.8,16.4,0.0,16.0,32.0,,,,6.0,0,,,938.9,934.7,933.7,935.8,,,,,,,75.0,33.0,57.0,55.0,,-1,-1,,,,,,,,,,,11,,19,30,26,31,17,24,,0,1,1,0.7,1623.0
167,2025-07-20,,,,,,,,0,0,,16.3,14.7,18.8,16.6,28.0,20.0,16.0,,,,8.2,0,,,931.4,929.1,928.0,929.5,,,,,,,88.0,40.0,60.0,63.0,,-1,-1,,,,,,,,,,,9,,16,28,25,29,15,22,,1,2,1,1.6,851.0
169,2025-07-20,,,,,,,,0,0,2463.0,19.2,18.2,19.3,18.9,16.0,4.0,12.0,,,,7.6,0,,,962.3,960.1,958.9,960.4,,,,,,,72.0,44.0,52.0,56.0,,-1,-1,,,,,,,,,,,11,,22,30,28,31,16,24,,1,2,1,1.6,1216.0
170,2025-07-20,,,,,,,,0,0,2242.0,18.6,18.2,20.1,19.0,12.0,16.0,16.0,,,,7.0,0,,,958.6,956.4,955.4,956.8,,,,,,,85.0,50.0,66.0,67.0,,-1,-1,,,,,,,,,,,9,,19,27,24,29,14,22,13,1,1,1,1.1,1219.0
171,2025-07-20,,,,,,,,0,0,2297.0,18.2,22.3,23.6,21.4,0.0,32.0,8.0,,,,9.9,0,,,961.5,958.7,957.5,959.2,,,,,,,85.0,68.0,76.0,76.0,,,-1,,,,,,,,,,,10,,19,26,25,28,14,21,11,0,2,1,1.2,2019.0
172,2025-07-20,,,,,,,,0,0,2405.0,14.9,18.0,17.0,16.6,12.0,24.0,24.0,,,,9.3,0,,,915.1,912.4,912.2,913.2,,,,,,,94.0,50.0,54.0,66.0,,-1,-1,,,,,,,,,,,11,,14,27,25,28,10,19,9,1,1,1,1.1,2108.0
173,2025-07-20,,,,,,,,0,0,2045.0,12.5,15.2,17.2,15.0,8.0,28.0,20.0,,,,11.5,0,,,872.1,870.9,870.4,871.1,,,,,,,64.0,50.0,68.0,61.0,,-1,0,,,,,,,,,,,8,,17,24,21,26,13,20,,1,1,1,1.1,2127.0
174,2025-07-20,,,,,,,,0,0,2259.0,13.8,14.5,17.8,15.4,20.0,4.0,28.0,,,,7.8,0,,,,,,,,,,,,,79.0,48.0,75.0,67.0,,,-1,,,,,,,,,,,9,,15,24,20,25,11,18,,1,3,1,2.2,2142.0
175,2025-07-20,,,,,,,,0,0,,16.4,19.8,15.1,17.1,24.0,28.0,12.0,,,,14.6,0,,,944.7,939.7,938.0,940.8,,,,,,,87.0,52.0,38.0,59.0,,3,-1,,,,,,,,,,,11,,17,28,29,31,15,23,14,2,1,3,2.8,2035.0
176,2025-07-20,,,,,,,,0,0,2574.0,9.8,12.0,11.3,11.0,20.0,20.0,16.0,,,,10.4,0,,,821.9,821.0,820.0,821.0,,,,,,,50.0,49.0,53.0,51.0,,,,,,,,,,,,,,11,,17,21,19,21,10,16,,2,2,3,3.3,2151.0
178,2025-07-20,,,,,,,,0,0,2387.0,15.0,15.3,18.3,16.2,12.0,12.0,12.0,,,,12.5,0,,,903.3,900.4,899.1,900.9,,,,,,,88.0,45.0,60.0,64.0,,14,-1,,,,,,,,,,,11,,15,26,24,28,13,21,,4,3,2,4.7,834.0
179,2025-07-20,0.0,,,2.0,,,,0,0,,13.3,15.2,15.4,14.6,28.0,8.0,4.0,1,,,4.9,0,0,0,878.4,875.9,875.1,876.5,0,0,,,,,79.0,46.0,60.0,62.0,,,-1,,1,,,-1.0,0,-1.0,29000.0,,,,0,15,26,22,27,12,20,11,1,1,1,1.1,354.0
180,2025-07-20,,,,,,,,0,0,,17.1,16.2,18.4,17.2,28.0,20.0,16.0,,,,7.5,0,,,974.8,973.0,971.6,973.1,,,,,,,65.0,39.0,49.0,51.0,,-1,0,,,,,,,,,,,11,,22,30,28,31,20,26,19,1,2,1,1.6,1339.0
181,2025-07-20,,,,,,,,0,0,2282.0,16.7,19.3,18.9,18.3,8.0,24.0,32.0,,,,8.6,0,,,943.5,940.7,940.0,941.4,,,,,,,86.0,51.0,56.0,64.0,,0,-1,,,,,,,,,,,10,,17,28,26,29,14,22,13,1,1,1,1.1,2149.0
182,2025-07-20,,,,,,,,0,0,2232.0,15.1,15.9,21.0,17.3,4.0,12.0,12.0,,,,5.8,0,,,918.7,915.5,914.9,916.4,,,,,,,89.0,47.0,90.0,75.0,,,1,,,,,,,,,,,9,,15,26,20,28,14,21,,1,1,1,1.1,1425.0
183,2025-07-20,,,,,,,,0,0,2331.0,19.0,18.4,19.5,19.0,20.0,20.0,12.0,,,,6.5,0,,,985.3,983.3,981.5,983.4,,,,,,,82.0,43.0,50.0,58.0,,-1,-1,,,,,,,,,,,10,,20,30,29,32,19,25,18,2,2,2,2.7,1327.0
184,2025-07-20,2.0,2.0,,2.0,7.0,,,0,0,2161.0,6.5,7.4,7.5,7.1,4.0,20.0,8.0,1,0,,8.9,0,0,0,722.3,722.3,721.9,722.2,0,0,,,,,57.0,52.0,58.0,56.0,,-1,-1,,,,0.0,-1.0,0,-1.0,39000.0,23000.0,,7,0,9,12,11,12,6,9,,1,1,1,1.1,1032.0
185,2025-07-20,,,,,,,,0,0,1728.0,13.3,15.1,17.6,15.3,28.0,8.0,28.0,,,,6.6,0,,,861.1,859.5,859.5,860.0,,,,,,,92.0,64.0,90.0,82.0,,,1,,,,,,,,,,,6,,13,20,17,21,8,14,6,1,2,1,1.6,1304.0
187,2025-07-20,,,,,,,,0,0,2599.0,16.9,15.3,18.0,16.7,32.0,12.0,12.0,,,,9.1,0,,,939.2,936.0,934.8,936.7,,,,,,,79.0,40.0,52.0,57.0,,0,-1,,,,,,,,,,,12,,19,28,27,29,16,22,15,2,3,2,3.3,1504.0
188,2025-07-20,,,,,,,,0,0,2627.0,18.9,17.2,16.7,17.6,12.0,28.0,20.0,,,,7.8,0,,,958.7,955.2,953.7,955.9,,,,,,,82.0,42.0,46.0,57.0,,0,-1,,,,,,,,,,,13,,20,29,27,31,16,24,13,1,1,2,1.6,1750.0
189,2025-07-20,,,,,,,,0,0,2620.0,18.4,18.8,17.5,18.2,28.0,32.0,8.0,,,,7.4,0,,,975.3,972.9,971.1,973.1,,,,,,,83.0,44.0,48.0,58.0,,,,,,,,,,,,,,13,,19,30,27,32,16,24,13,1,1,3,2.2,1747.0
192,2025-07-20,,,,,,,,0,0,2459.0,18.1,21.7,19.3,19.7,12.0,4.0,8.0,,,,7.1,0,,,965.7,963.2,961.3,963.4,,,,,,,82.0,54.0,54.0,63.0,,-1,-1,,,,,,,,,,,12,,19,29,27,30,17,23,15,1,2,2,2.1,1205.0
193,2025-07-20,,,,,,,,0,0,2762.0,14.6,14.4,14.6,14.5,28.0,16.0,8.0,,,,9.3,0,,,903.4,902.7,901.3,902.5,,,,,,,64.0,46.0,58.0,56.0,,-1,-1,,,,,,,,,,,13,,20,25,21,25,16,21,13,3,2,3,3.9,1959.0
195,2025-07-20,,,,,,,,0,0,2226.0,15.8,19.4,18.9,18.0,8.0,12.0,16.0,,,,6.5,0,,,,,,,,,,,,,90.0,62.0,70.0,74.0,,11,-1,,,,,,,,,,,8,,16,25,22,28,15,21,,1,1,1,1.1,1804.0
196,2025-07-20,,,,,,,,0,1,2610.0,9.0,10.2,11.1,10.1,16.0,16.0,16.0,,,,23.4,0,,,775.4,774.6,773.7,774.6,,,,,,,66.0,62.0,70.0,66.0,,4,-1,,,,,,,,,,,11,,12,15,14,15,8,12,,5,7,7,13.3,1350.0
197,2025-07-20,,,,,,,,0,0,2677.0,18.9,17.0,17.8,17.9,20.0,16.0,12.0,,,,7.1,0,,,988.4,986.3,984.7,986.5,,,,,,,70.0,38.0,47.0,52.0,,-1,-1,,,,,,,,,,,13,,22,31,28,32,16,24,12,1,1,2,1.6,1142.0
198,2025-07-20,,,,,,,,0,0,2635.0,16.8,18.4,17.4,17.5,28.0,16.0,16.0,,,,7.6,0,,,960.0,956.5,955.4,957.3,,,,,,,75.0,44.0,47.0,55.0,,,-1,,,,,,,,,,,13,,19,30,28,31,17,24,15,1,1,2,1.6,1658.0
199,2025-07-20,,,,,,,,0,0,2593.0,16.8,17.5,17.1,17.1,12.0,16.0,12.0,,,,6.3,0,,,974.4,972.9,971.6,973.0,,,,,,,76.0,42.0,50.0,56.0,,-1,-1,,,,,,,,,,,13,,19,30,26,31,13,22,,1,1,2,1.6,1714.0
200,2025-07-20,,,,,,,,0,0,2318.0,21.1,18.1,21.1,20.1,28.0,12.0,8.0,,,,7.0,0,,,967.0,965.1,963.5,965.2,,,,,,,92.0,47.0,60.0,66.0,,2,-1,,,,,,,,,,,10,,20,28,27,29,19,24,,1,2,1,1.6,1459.0
202,2025-07-20,,,,,,,,0,0,2337.0,17.2,18.2,17.8,17.7,32.0,20.0,16.0,,,,8.5,0,,,964.1,962.3,960.8,962.4,,,,,,,74.0,46.0,49.0,56.0,,0,-1,,,,,,,,,,,10,,20,29,27,29,19,24,17,2,2,1,2.1,231.0
203,2025-07-20,,,,,,,,0,0,2644.0,15.5,16.5,14.5,15.5,32.0,16.0,20.0,,,,8.0,0,,,,,,,,,,,,,80.0,39.0,43.0,54.0,,0,-1,,,,,,,,,,,12,,17,30,26,31,13,22,11,1,2,1,1.6,1453.0
204,2025-07-20,2.0,2.0,2.0,10.0,2.0,2.0,47.0,0,0,2449.0,18.9,20.7,18.4,19.3,12.0,4.0,4.0,1,0,0,10.0,0,0,0,965.1,962.3,960.4,962.6,0,0,,,,,83.0,50.0,51.0,61.0,,-1,-1,,0,0,,-1.0,0,-1.0,40000.0,22000.0,25000.0,11,1,20,30,27,31,18,24,15,1,3,3,3.4,1637.0
205,2025-07-20,2.0,2.0,0.0,4.0,4.0,5.0,43.0,0,0,2684.0,12.9,17.7,16.4,15.7,28.0,28.0,12.0,1,1,1,10.3,0,0,0,836.0,835.4,834.0,835.1,0,0,,,,,75.0,73.0,77.0,75.0,,-1,-1,,0,0,,-1.0,0,-1.0,50000.0,70000.0,50000.0,12,0,15,21,19,21,13,17,11,1,1,2,1.6,2106.0
206,2025-07-20,,,,,,,,0,0,2290.0,15.0,17.6,14.4,15.7,16.0,16.0,20.0,,,,12.1,0,,,890.4,889.2,888.5,889.4,,,,,,,87.0,64.0,57.0,69.0,,,-1,,,,,,,,,,,9,,15,23,21,24,13,19,11,2,1,2,2.1,1533.0
210,2025-07-20,,,,,,,,0,0,,11.0,16.5,16.4,14.6,0.0,32.0,16.0,,,,4.7,0,,,852.9,850.1,849.7,850.9,,,,,,,98.0,67.0,81.0,82.0,,0,-1,,,,,,,,,,,,,9,21,18,22,8,15,,0,1,1,0.7,1130.0
213,2025-07-20,0.0,2.0,2.0,1.0,9.0,10.0,67.0,0,0,1372.0,6.7,9.0,9.6,8.4,24.0,16.0,20.0,6,6,6,16.6,0,0,1,699.6,699.8,699.0,699.5,0,0,,,,,72.0,91.0,100.0,88.0,,17,0,,6,1,9.0,8.0,2,-1.0,80000.0,300.0,20.0,5,0,6,7,6,8,2,5,,3,4,4,6.0,34.0
214,2025-07-20,,,,,,,,0,0,2391.0,16.1,19.1,21.0,18.7,8.0,16.0,20.0,,,,5.2,0,,,,,,,,,,,,,96.0,53.0,68.0,72.0,,19,-1,,,,,,,,,,,10,,15,27,25,29,14,21,12,1,1,1,1.1,2353.0
215,2025-07-20,,,,,,,,0,0,2664.0,17.9,17.7,21.0,18.9,32.0,16.0,12.0,,,,5.6,0,,,978.1,976.2,974.7,976.3,,,,,,,79.0,42.0,62.0,61.0,,-1,-1,,,,,,,,,,,13,,20,30,26,31,13,22,,1,1,2,1.6,1224.0
217,2025-07-20,,,,,,,,0,0,2272.0,17.9,17.4,18.8,18.0,4.0,28.0,20.0,,,,6.9,0,,,952.4,949.6,948.5,950.2,,,,,,,86.0,45.0,54.0,62.0,,-1,-1,,,,,,,,,,,10,,18,28,27,30,17,23,15,1,1,2,1.6,1723.0
218,2025-07-20,,,,,,,,0,0,2561.0,18.5,16.3,21.8,18.9,16.0,16.0,12.0,,,,7.1,0,,,996.3,994.2,992.6,994.4,,,,,,,72.0,37.0,63.0,57.0,,-1,-1,,,,,,,,,,,13,,22,31,27,32,17,25,15,1,2,2,2.1,1214.0
220,2025-07-20,,,,,,,,0,0,2208.0,13.9,11.7,16.6,14.1,12.0,28.0,28.0,,,,9.6,0,,,899.9,897.1,897.3,898.1,,,,,,,94.0,31.0,59.0,61.0,,-1,-1,,,,,,,,,,,8,,13,28,23,29,12,20,,1,2,2,2.1,1357.0
221,2025-07-20,,,,,,,,0,0,2667.0,19.0,14.7,18.3,17.3,20.0,20.0,8.0,,,,7.1,0,,,984.8,982.9,981.4,983.0,,,,,,,78.0,35.0,48.0,54.0,,,,,,,,,,,,,,13,,21,30,28,31,16,24,15,2,2,2,2.7,749.0
222,2025-07-20,,,,,,,,0,0,2643.0,19.4,13.5,19.0,17.3,16.0,28.0,12.0,,,,5.3,0,,,988.1,986.0,984.6,986.2,,,,,,,70.0,31.0,51.0,51.0,,-1,-1,,,,,,,,,,,13,,23,31,28,32,15,23,14,1,1,1,1.1,1136.0
500,2025-07-20,,,,,,,,0,0,2524.0,16.6,15.1,15.9,15.9,28.0,0.0,16.0,,,,4.7,0,,,946.6,945.1,943.6,945.1,,,,,,,73.0,38.0,47.0,53.0,,-1,-1,,,,,,,,,,,12,,20,29,26,30,13,22,12,1,0,1,0.7,1257.0
726,2025-07-20,,,,,,,,0,0,2630.0,15.8,14.0,16.3,15.4,0.0,16.0,12.0,,,,7.2,0,,,957.7,956.2,954.7,956.2,,,,,,,77.0,35.0,46.0,53.0,,-1,-1,,,,,,,,,,,13,,18,29,27,30,13,21,12,0,1,2,1.2,1230.0
901,2025-07-20,,0.0,0.0,0.0,2.0,3.0,17.0,,,,,,,,,,,1,0,0,,0,0,0,,,,,0,0,,,,,,,,,,-1,-1,,0,0,,-1.0,0,,18000.0,30000.0,27000.0,,1,,,,,,,,,,,,
905,2025-07-20,,,,,,,,0,0,2691.0,16.8,14.1,16.2,15.7,8.0,16.0,12.0,,,,7.5,0,,,972.9,971.0,969.7,971.2,,,,,,,70.0,34.0,44.0,49.0,,-1,-1,,,,,,,,,,,13,,21,30,28,31,16,23,14,1,2,2,2.1,319.0
1401,2025-07-20,,,,,,,,0,0,2653.0,16.9,14.9,15.1,15.6,4.0,12.0,8.0,,,,7.2,0,,,929.5,928.0,926.3,927.9,,,,,,,72.0,43.0,50.0,55.0,,-1,-1,,,,,,,,,,,13,,20,27,24,28,14,21,13,1,2,2,2.1,1246.0
1416,2025-07-20,,,,,,,,0,0,2651.0,18.1,14.9,15.2,16.1,12.0,16.0,8.0,,,,6.4,0,,,940.2,938.5,936.7,938.5,,,,,,,79.0,42.0,48.0,56.0,,-1,-1,,,,,,,,,,,13,,20,27,25,28,14,21,12,1,2,2,2.1,1343.0
1602,2025-07-20,,,,,,,,0,0,2642.0,16.3,15.1,18.9,16.8,4.0,20.0,20.0,,,,5.2,0,,,948.4,946.4,944.6,946.5,,,,,,,83.0,40.0,62.0,62.0,,-1,-1,,,,,,,,,,,13,,17,28,24,30,12,21,12,1,2,1,1.6,1302.0
1730,2025-07-20,,,,,,,,0,0,,19.2,17.5,19.5,18.7,0.0,4.0,8.0,,,,9.4,,,,,,,,,,,,,,94.0,53.0,78.0,75.0,,-1,-1,,,,,,,,,,,,,18,26,21,27,6,16,5,0,1,2,1.2,1210.0
1802,2025-07-20,1.0,2.0,1.0,2.0,3.0,3.0,27.0,0,0,2582.0,17.4,14.7,16.2,16.1,0.0,12.0,8.0,0,,,7.2,0,0,0,944.8,943.3,941.8,943.3,0,0,,,,,69.0,39.0,49.0,52.0,,-1,-1,,,,,-1.0,0,,30000.0,30000.0,30000.0,12,1,21,28,26,30,14,22,13,0,1,2,1.2,1121.0
1906,2025-07-20,0.0,0.0,0.0,4.0,5.0,8.0,57.0,0,0,2548.0,17.4,14.4,16.5,16.1,24.0,16.0,12.0,1,0,0,5.3,0,0,0,941.1,939.9,938.6,939.9,0,0,,,,,75.0,39.0,53.0,56.0,,-1,-1,,0,0,,-1.0,0,-1.0,20000.0,30000.0,20000.0,13,0,20,28,25,28,16,22,12,1,1,2,1.6,214.0
1920,2025-07-20,,,,,,,,0,0,2497.0,17.8,17.3,20.6,18.6,8.0,20.0,4.0,,,,4.3,0,,,952.0,950.4,949.0,950.5,,,,,,,93.0,44.0,77.0,71.0,,-1,-1,,,,,,,,,,,12,,17,29,22,30,11,20,12,1,1,1,1.1,1248.0
2116,2025-07-20,,,,,,,,0,0,2664.0,17.9,17.7,21.0,18.9,32.0,16.0,12.0,,,,5.6,0,,,978.1,976.2,974.7,976.3,,,,,,,79.0,42.0,62.0,61.0,,-1,-1,,,,,,,,,,,13,,20,30,26,31,13,22,,1,1,2,1.6,1224.0
2117,2025-07-20,,,,,,,,0,0,2593.0,16.8,17.5,17.1,17.1,12.0,16.0,12.0,,,,6.3,0,,,974.4,972.9,971.6,973.0,,,,,,,76.0,42.0,50.0,56.0,,-1,-1,,,,,,,,,,,13,,19,30,26,31,13,22,,1,1,2,1.6,1714.0
2207,2025-07-20,,,,,,,,0,0,2662.0,17.9,13.8,16.1,15.9,32.0,20.0,12.0,,,,5.8,0,,,980.8,978.8,977.4,979.0,,,,,,,72.0,32.0,42.0,49.0,,-1,-1,,,,,,,,,,,13,,21,30,28,32,14,23,13,1,1,1,1.1,1533.0
2401,2025-07-20,,,,,,,,0,0,2697.0,17.3,15.0,16.1,16.1,24.0,16.0,16.0,,,,5.3,0,,,988.4,986.3,984.7,986.5,,,,,,,77.0,34.0,42.0,51.0,,-1,-1,,,,,,,,,,,13,,19,31,28,32,14,23,14,1,1,1,1.1,1216.0
2415,2025-07-20,,,,,,,,0,0,2636.0,16.9,15.3,14.0,15.4,20.0,20.0,12.0,,,,10.2,0,,,957.6,956.3,955.1,956.3,,,,,,,73.0,40.0,41.0,51.0,,-1,-1,,,,,,,,,,,13,,20,28,26,29,18,23,17,2,2,3,3.3,339.0
2430,2025-07-20,,,,,,,,0,0,,18.9,17.7,20.2,18.9,20.0,24.0,16.0,,,,4.8,0,,,987.8,985.8,984.3,986.0,,,,,,,79.0,39.0,58.0,59.0,,-1,-1,,,,,,,,,,,13,,20,31,27,32,14,23,14,1,1,1,1.1,811.0
2503,2025-07-20,,,,,,,,0,0,2729.0,18.4,13.9,18.1,16.8,12.0,20.0,12.0,,,,5.2,0,,,986.0,984.1,982.6,984.2,,,,,,,73.0,32.0,52.0,52.0,,-1,-1,,,,,,,,,,,13,,21,31,27,32,15,23,14,1,1,1,1.1,1042.0
2602,2025-07-20,,,,,,,,0,0,2514.0,18.9,14.9,23.5,19.1,12.0,0.0,12.0,,,,6.2,0,,,992.1,989.9,988.6,990.2,,,,,,,80.0,33.0,68.0,60.0,,-1,-1,,,,,,,,,,,12,,20,31,27,31,14,23,13,1,0,1,0.7,1158.0
2902,2025-07-20,1.0,0.0,0.0,8.0,4.0,3.0,50.0,0,0,2558.0,19.6,19.2,17.7,18.8,16.0,8.0,8.0,1,1,1,7.6,0,0,0,969.0,966.3,964.2,966.5,0,0,,,,,89.0,49.0,55.0,64.0,,-1,-1,,0,0,,-1.0,0,-1.0,3000.0,4000.0,3000.0,12,1,19,29,25,29,17,23,16,1,3,3,3.4,1515.0
2910,2025-07-20,,,,,,,,0,0,2414.0,18.6,18.2,19.7,18.8,0.0,12.0,8.0,,,,6.1,0,,,973.6,970.8,968.8,971.1,,,,,,,86.0,42.0,54.0,61.0,,-1,-1,,,,,,,,,,,11,,19,30,27,31,17,24,15,0,2,1,1.2,1539.0
3111,2025-07-20,,,,,,,,0,0,2555.0,,,,,12.0,8.0,8.0,,,,7.0,0,,,963.7,961.2,959.2,961.4,,,,,,,,,,,,,,,,,,,,,,,,12,,,,,,,,,1,3,2,2.8,1304.0
3202,2025-07-20,,,,,,,,0,0,2447.0,18.0,16.4,17.0,17.1,32.0,4.0,8.0,,,,6.4,0,,,979.3,976.6,974.6,976.8,,,,,,,73.0,40.0,43.0,52.0,,-1,-1,,,,,,,,,,,11,,21,29,29,31,18,24,16,1,2,1,1.6,1336.0
3315,2025-07-20,,,,,,,,0,0,2613.0,17.2,14.5,15.2,15.6,12.0,12.0,12.0,,,,7.1,0,,,931.9,930.3,928.7,930.3,,,,,,,74.0,39.0,47.0,53.0,,-1,-1,,,,,,,,,,,13,,20,28,25,29,15,22,13,1,2,1,1.6,43.0
3425,2025-07-20,,,,,,,,0,0,2723.0,16.6,14.9,15.4,15.6,4.0,16.0,8.0,,,,5.5,0,,,947.0,945.2,943.3,945.2,,,,,,,80.0,40.0,45.0,55.0,,-1,-1,,,,,,,,,,,12,,18,28,26,29,13,21,13,1,2,1,1.6,6.0
3520,2025-07-20,,,,,,,,0,0,2520.0,16.4,14.5,13.3,14.7,16.0,16.0,8.0,,,,8.3,0,,,902.4,901.4,899.9,901.2,,,,,,,75.0,46.0,50.0,57.0,,-1,-1,,,,,,,,,,,13,,19,25,22,26,15,20,13,2,2,2,2.7,2130.0
3702,2025-07-20,,,,,,,,0,0,2762.0,14.6,14.4,14.6,14.5,28.0,16.0,8.0,,,,9.3,0,,,903.4,902.7,901.3,902.5,,,,,,,64.0,46.0,58.0,56.0,,-1,-1,,,,,,,,,,,13,,20,25,21,25,16,21,13,3,2,3,3.9,1959.0
3805,2025-07-20,,,,,,,,0,0,2596.0,17.6,16.3,18.1,17.3,8.0,8.0,4.0,,,,5.3,0,,,987.0,984.7,983.3,985.0,,,,,,,68.0,37.0,49.0,51.0,,-1,-1,,,,,,,,,,,13,,22,31,28,32,15,23,13,1,2,1,1.6,1235.0
3811,2025-07-20,,,,,,,,0,0,2646.0,17.6,16.1,19.2,17.6,28.0,12.0,8.0,,,,5.6,0,,,985.7,983.5,982.0,983.7,,,,,,,70.0,37.0,52.0,53.0,,-1,-1,,,,,,,,,,,13,,21,31,28,32,15,24,,1,1,1,1.1,201.0
4026,2025-07-20,,,,,,,,0,0,2667.0,19.0,14.7,18.3,17.3,20.0,20.0,8.0,,,,7.1,0,,,984.8,982.9,981.4,983.0,,,,,,,78.0,35.0,48.0,54.0,,,,,,,,,,,,,,13,,21,30,28,31,16,24,15,2,2,2,2.7,749.0
4081,2025-07-20,,,,,,,,0,0,2695.0,19.2,16.8,19.9,18.6,20.0,28.0,8.0,,,,6.4,0,,,989.3,987.3,985.6,987.4,,,,,,,72.0,37.0,55.0,55.0,,-1,-1,,,,,,,,,,,13,,22,31,27,32,17,24,15,2,2,2,2.7,836.0
4115,2025-07-20,,,,,,,,,,,19.2,16.7,17.6,17.8,12.0,28.0,12.0,,,,,0,,,988.0,985.6,984.1,985.9,,,,,,,69.0,36.0,46.0,50.0,,-1,,,,,,,,,,,,,,23,32,28,,,,16,1,1,2,1.6,
4126,2025-07-20,,,,,,,,0,0,2643.0,19.4,13.5,19.0,17.3,16.0,28.0,12.0,,,,5.3,0,,,988.1,986.0,984.6,986.2,,,,,,,70.0,31.0,51.0,51.0,,-1,-1,,,,,,,,,,,13,,23,31,28,32,15,23,14,1,1,1,1.1,1136.0
4224,2025-07-20,,,,,,,,0,0,2659.0,17.9,17.0,16.9,17.3,12.0,24.0,16.0,,,,5.6,0,,,990.5,988.4,986.9,988.6,,,,,,,74.0,38.0,43.0,52.0,,-1,-1,,,,,,,,,,,13,,21,31,29,32,15,24,14,1,1,2,1.6,1251.0
4305,2025-07-20,,,,,,,,0,0,2657.0,18.7,14.7,18.8,17.4,12.0,16.0,12.0,,,,6.6,0,,,993.0,990.7,989.3,991.0,,,,,,,76.0,33.0,52.0,54.0,,-1,-1,,,,,,,,,,,13,,21,31,27,32,14,23,,1,1,2,1.6,1223.0
4501,2025-07-20,,,,,,,,0,0,,18.1,17.6,17.4,17.7,8.0,4.0,8.0,,,,9.6,0,,,964.3,961.2,959.5,961.7,,,,,,,79.0,40.0,44.0,54.0,,-1,-1,,,,,,,,,,,,,20,31,29,31,18,25,18,2,3,3,3.9,1418.0
4515,2025-07-20,,,,,,,,0,0,2670.0,19.3,19.7,19.5,19.5,8.0,8.0,8.0,,,,7.1,0,,,961.2,958.0,956.3,958.5,,,,,,,76.0,46.0,56.0,59.0,,0,-1,,,,,,,,,,,12,,21,30,27,31,17,24,,1,2,2,2.1,1443.0
4601,2025-07-20,,,,,,,,0,0,2663.0,18.9,17.7,18.6,18.4,12.0,8.0,8.0,,,,8.0,0,,,,,,,,,,,,,83.0,42.0,49.0,58.0,,-1,-1,,,,,,,,,,,12,,20,30,28,30,18,24,17,1,2,2,2.1,1620.0
4611,2025-07-20,,,,,,,,0,0,,17.8,16.5,18.9,17.7,8.0,8.0,8.0,,,,7.1,0,,,956.8,954.1,952.3,954.4,,,,,,,80.0,38.0,52.0,57.0,,-1,-1,,,,,,,,,,,,,19,30,27,32,18,25,17,1,2,2,2.1,1456.0
4705,2025-07-20,,,,,,,,0,0,,18.2,17.6,16.2,17.3,16.0,8.0,8.0,,,,4.7,0,,,960.5,957.8,955.9,958.1,,,,,,,79.0,44.0,43.0,55.0,,-1,-1,,,,,,,,,,,,,20,29,28,30,18,24,17,1,1,1,1.1,1615.0
4802,2025-07-20,,,,,,,,0,0,,19.6,19.9,15.0,18.2,16.0,12.0,8.0,,,,8.2,0,,,,,,,,,,,,,89.0,50.0,42.0,60.0,,-1,-1,,,,,,,,,,,11,,19,29,27,30,18,24,13,1,3,2,2.8,1308.0
4815,2025-07-20,1.0,0.0,0.0,7.0,5.0,5.0,57.0,,,,17.3,16.4,15.9,16.5,32.0,8.0,8.0,1,0,0,,0,0,0,940.0,937.7,935.8,937.8,0,0,,,,,81.0,48.0,49.0,59.0,,-1,-1,,0,0,,-1.0,0,-1.0,30000.0,30000.0,30000.0,,0,19,26,25,27,18,23,18,1,3,3,3.4,
4821,2025-07-20,,,,,,,,0,0,,19.4,18.5,18.9,18.9,28.0,8.0,4.0,,,,8.3,0,,,960.4,957.5,955.6,957.8,,,,,,,89.0,46.0,54.0,63.0,,-1,-1,,,,,,,,,,,,,19,29,27,30,17,24,17,1,2,2,2.1,1152.0
4905,2025-07-20,,,,,,,,0,0,2446.0,19.0,18.2,17.6,18.3,16.0,8.0,8.0,,,,7.9,0,,,973.8,971.1,969.0,971.3,,,,,,,86.0,45.0,49.0,60.0,,-1,0,,,,,,,,,,,11,,19,29,27,30,16,23,15,1,2,2,2.1,1311.0
5000,2025-07-20,,,,,,,,0,0,,19.4,16.1,17.7,17.7,4.0,8.0,8.0,,,,6.2,0,,,973.7,970.9,969.0,971.2,,,,,,,86.0,41.0,50.0,59.0,,-1,-1,,,,,,,,,,,11,,20,29,27,29,17,23,14,2,3,3,3.9,
5012,2025-07-20,2.0,2.0,2.0,10.0,2.0,2.0,47.0,0,0,2449.0,18.9,20.7,18.4,19.3,12.0,4.0,4.0,1,0,0,10.0,0,0,0,965.1,962.3,960.4,962.6,0,0,,,,,83.0,50.0,51.0,61.0,,-1,-1,,0,0,,-1.0,0,-1.0,40000.0,22000.0,25000.0,11,1,20,30,27,31,18,24,15,1,3,3,3.4,1637.0
5116,2025-07-20,,,,,,,,0,0,2459.0,18.1,21.7,19.3,19.7,12.0,4.0,8.0,,,,7.1,0,,,965.7,963.2,961.3,963.4,,,,,,,82.0,54.0,54.0,63.0,,-1,-1,,,,,,,,,,,12,,19,29,27,30,17,23,15,1,2,2,2.1,1205.0
5130,2025-07-20,,,,,,,,0,0,,18.9,18.4,18.3,18.5,8.0,8.0,8.0,,,,7.3,0,,,973.3,970.7,968.7,970.9,,,,,,,89.0,45.0,50.0,61.0,,-1,-1,,,,,,,,,,,,,19,29,28,31,18,24,15,1,2,3,2.8,201.0
5316,2025-07-20,,,,,,,,0,0,2603.0,,,,,24.0,8.0,8.0,,,,7.5,0,,,979.6,976.8,974.7,977.0,,,,,,,,,,,,-1,,,,,,,,,,,,13,,22,,,,,,14,1,2,2,2.1,1604.0
5412,2025-07-20,0.0,0.0,0.0,1.0,3.0,3.0,23.0,0,0,2575.0,18.6,18.4,19.5,18.8,20.0,4.0,4.0,1,1,1,6.0,0,0,0,976.0,973.6,971.6,973.7,0,0,,,,,68.0,44.0,50.0,54.0,,-1,-1,,0,0,,-1.0,0,-1.0,40000.0,40000.0,40000.0,14,1,23,30,29,31,16,23,14,2,1,2,2.1,1620.0
5413,2025-07-20,,,,,,,,0,0,2620.0,18.4,18.8,17.5,18.2,28.0,32.0,8.0,,,,7.4,0,,,975.3,972.9,971.1,973.1,,,,,,,83.0,44.0,48.0,58.0,,,,,,,,,,,,,,13,,19,30,27,32,16,24,13,1,1,3,2.2,1747.0
5421,2025-07-20,,,,,,,,0,0,2436.0,19.0,18.5,19.6,19.0,16.0,4.0,4.0,,,,4.7,0,,,980.2,977.7,975.6,977.8,,,,,,,77.0,42.0,52.0,57.0,,-1,-1,,,,,,,,,,,11,,21,31,28,32,16,24,15,1,1,1,1.1,1236.0
5609,2025-07-20,0.0,,2.0,3.0,0.0,8.0,37.0,0,0,2646.0,18.4,17.1,18.1,17.9,20.0,8.0,4.0,0,0,0,7.3,0,0,0,978.6,976.3,974.7,976.5,0,0,,,,,76.0,39.0,47.0,54.0,,-1,-1,,0,0,,-1.0,0,-1.0,30000.0,30000.0,30000.0,13,0,21,31,28,32,17,25,16,3,1,2,2.8,754.0
5625,2025-07-20,,,,,,,,0,0,2621.0,16.1,17.3,17.3,16.9,20.0,4.0,32.0,,,,8.0,0,,,932.0,930.4,928.8,930.4,,,,,,,71.0,49.0,57.0,59.0,,-1,,,,,,,,,,,,12,,20,27,24,28,16,22,,2,1,1,1.6,258.0
5701,2025-07-20,,,,,,,,0,0,2590.0,20.2,18.0,21.7,20.0,8.0,8.0,20.0,,,,5.1,0,,,965.4,963.6,962.3,963.8,,,,,,,81.0,42.0,75.0,66.0,,-1,-1,,,,,,,,,,,12,,21,30,24,31,13,22,13,1,1,1,1.1,1323.0
5735,2025-07-20,,,,,,,,0,0,2624.0,17.1,16.5,16.4,16.7,20.0,20.0,12.0,,,,12.8,0,,,956.6,955.3,953.6,955.2,,,,,,,69.0,42.0,48.0,53.0,,-1,-1,,,,,,,,,,,13,,21,29,26,29,18,24,15,3,1,4,4.1,142.0
5802,2025-07-20,,,,,,,,0,0,2519.0,17.7,14.0,17.3,16.3,24.0,20.0,12.0,,,,9.5,0,,,958.1,956.9,955.5,956.8,,,,,,,69.0,37.0,52.0,53.0,,-1,-1,,,,,,,,,,,12,,22,28,26,31,18,24,,3,1,3,3.4,307.0
5805,2025-07-20,,,,,,,,0,0,2611.0,20.3,15.6,18.1,18.0,12.0,20.0,12.0,,,,5.2,0,,,983.3,981.4,979.9,981.5,,,,,,,71.0,35.0,48.0,51.0,,-1,-1,,,,,,,,,,,12,,23,31,28,32,15,23,,1,1,1,1.1,728.0
5820,2025-07-20,,,,,,,,0,0,2490.0,18.8,16.1,18.3,17.7,16.0,8.0,16.0,,,,6.2,0,,,976.2,974.4,973.1,974.6,,,,,,,66.0,38.0,50.0,51.0,,-1,-1,,,,,,,,,,,11,,23,30,28,32,18,25,17,1,1,2,1.6,1741.0
5882,2025-07-20,,,,,,,,0,0,2561.0,17.5,16.1,17.3,17.0,16.0,20.0,12.0,,,,10.5,0,,,985.2,983.2,981.8,983.4,,,,,,,62.0,37.0,46.0,48.0,,-1,-1,,,,,,,,,,,12,,23,31,28,32,17,24,13,2,1,2,2.1,354.0
5904,2025-07-20,,,,,,,,0,0,2563.0,19.4,15.7,17.8,17.6,12.0,8.0,12.0,,,,6.9,0,,,985.5,983.4,981.9,983.6,,,,,,,68.0,37.0,47.0,51.0,,-1,-1,,,,,,,,,,,12,,23,30,28,32,18,25,15,1,1,2,1.6,402.0
5917,2025-07-20,,,,,,,,0,0,2623.0,18.8,15.3,17.9,17.3,16.0,20.0,12.0,,,,7.2,0,,,986.6,984.4,983.1,984.7,,,,,,,68.0,34.0,47.0,50.0,,-1,-1,,,,,,,,,,,13,,23,31,28,32,18,25,16,2,2,3,3.3,1657.0
5925,2025-07-20,,,,,,,,0,0,2421.0,17.1,14.8,16.4,16.1,20.0,12.0,12.0,,,,7.3,0,,,989.1,986.9,985.6,987.2,,,,,,,58.0,31.0,39.0,43.0,,-1,-1,,,,,,,,,,,11,,24,32,30,33,20,26,,1,2,3,2.8,1836.0
5935,2025-07-20,,,,,,,,0,0,2787.0,17.6,15.0,17.0,16.5,8.0,16.0,12.0,,,,5.9,0,,,990.8,988.5,987.0,988.8,,,,,,,66.0,32.0,41.0,46.0,,-1,-1,,,,,,,,,,,12,,22,32,30,33,17,25,14,1,1,2,1.6,1210.0
5972,2025-07-20,,,,,,,,0,0,2732.0,18.3,15.0,17.8,17.0,12.0,16.0,12.0,,,,7.1,0,,,992.3,990.0,988.5,990.3,,,,,,,71.0,34.0,46.0,50.0,,-1,-1,,,,,,,,,,,13,,22,31,28,32,16,24,14,1,1,2,1.6,1612.0
5990,2025-07-20,,,,,,,,0,0,,17.4,16.4,17.6,17.1,16.0,16.0,12.0,,,,8.7,0,,,988.7,986.7,985.2,986.9,,,,,,,63.0,38.0,49.0,50.0,,,-1,,,,,,,,,,,13,,23,30,27,31,16,24,16,2,1,2,2.1,
6102,2025-07-20,,,,,,,,0,0,2660.0,18.3,18.3,17.1,17.9,28.0,16.0,16.0,,,,7.1,0,,,990.5,988.5,986.9,988.6,,,,,,,70.0,44.0,46.0,53.0,,-1,-1,,,,,,,,,,,13,,22,30,28,31,17,24,16,1,2,1,1.6,1244.0
6111,2025-07-20,,,,,,,,0,0,,19.5,17.1,16.5,17.7,32.0,20.0,12.0,,,,5.6,0,,,,,,,,,,,,,79.0,39.0,46.0,55.0,,-1,-1,,,,,,,,,,,13,,21,31,27,32,18,25,16,1,1,1,1.1,2315.0
6300,2025-07-20,,,,,,,,0,0,,17.9,18.8,21.2,19.3,12.0,32.0,4.0,,,,8.7,0,,,958.6,955.3,953.4,955.8,,,,,,,79.0,44.0,53.0,59.0,,,-1,,,,,,,,,,,13,,20,30,29,31,18,24,17,3,2,3,3.9,
6305,2025-07-20,,,,,,,,0,0,2605.0,16.9,17.3,20.4,18.2,16.0,32.0,28.0,,,,9.4,0,,,961.3,957.8,955.9,958.3,,,,,,,72.0,40.0,55.0,56.0,,1,-1,,,,,,,,,,,12,,20,30,28,31,18,25,17,3,2,1,2.8,710.0
6415,2025-07-20,,,,,,,,0,0,,17.9,19.4,20.8,19.4,4.0,4.0,8.0,,,,9.2,0,,,951.9,949.0,947.3,949.4,,,,,,,78.0,54.0,61.0,64.0,,-1,-1,,,,,,,,,,,,,20,27,26,28,19,24,,2,3,3,3.9,1706.0
6430,2025-07-20,,,,,,,,0,0,,13.8,18.1,18.3,16.7,12.0,4.0,4.0,,,,9.8,0,,,887.3,885.8,884.2,885.8,,,,,,,66.0,60.0,70.0,65.0,,,,,,,,,,,,,,,,18,24,22,25,15,20,,3,1,2,2.8,13.0
6512,2025-07-20,,,,,,,,0,0,,17.3,21.8,20.3,19.8,12.0,16.0,12.0,,,,7.0,0,,,954.5,951.5,949.7,951.9,,,,,,,74.0,54.0,58.0,62.0,,1,-1,,,,,,,,,,,,,20,29,27,31,18,24,,2,2,1,2.1,1552.0
6540,2025-07-20,,,,,,,,0,0,,16.9,22.5,23.3,20.9,28.0,12.0,12.0,,,,4.9,0,,,,,,,,,,,,,66.0,61.0,69.0,65.0,,-1,-1,,,,,,,,,,,12,,22,28,26,30,19,24,,1,1,1,1.1,734.0
6611,2025-07-20,2.0,2.0,0.0,4.0,4.0,5.0,43.0,0,0,2684.0,12.9,17.7,16.4,15.7,28.0,28.0,12.0,1,1,1,10.3,0,0,0,836.0,835.4,834.0,835.1,0,0,,,,,75.0,73.0,77.0,75.0,,-1,-1,,0,0,,-1.0,0,-1.0,50000.0,70000.0,50000.0,12,0,15,21,19,21,13,17,11,1,1,2,1.6,2106.0
6621,2025-07-20,,,,,,,,0,0,,18.0,22.1,21.4,20.5,28.0,32.0,32.0,,,,6.0,0,,,959.1,955.9,954.1,956.4,,,,,,,78.0,56.0,63.0,66.0,,-1,-1,,,,,,,,,,,,,20,29,26,29,18,24,17,1,2,2,2.1,1516.0
6804,2025-07-20,,,,,,,,0,0,2465.0,17.1,22.8,23.8,21.2,12.0,24.0,20.0,,,,7.9,0,,,958.9,956.3,954.4,956.5,,,,,,,72.0,56.0,73.0,67.0,,-1,-1,,,,,,,,,,,11,,20,29,26,30,19,24,17,2,2,1,2.1,1244.0
7002,2025-07-20,,,,,,,,0,0,2497.0,17.5,17.3,22.1,19.0,4.0,4.0,0.0,,,,8.0,0,,,,,,,,,,,,,83.0,40.0,67.0,63.0,,-1,-1,,,,,,,,,,,11,,18,30,26,32,15,23,13,1,1,0,0.7,853.0
7013,2025-07-20,,,,,,,,0,0,2477.0,17.5,20.9,20.1,19.5,4.0,12.0,4.0,,,,4.8,0,,,967.0,964.0,962.3,964.4,,,,,,,81.0,48.0,63.0,64.0,,-1,-1,,,,,,,,,,,9,,19,31,25,31,14,23,,2,1,1,1.6,1734.0
7110,2025-07-20,0.0,,,3.0,0.0,0.0,10.0,0,0,2423.0,16.2,15.8,21.5,17.8,0.0,24.0,12.0,1,0,0,4.8,0,0,1,941.4,938.7,937.1,939.1,0,0,,,,,93.0,41.0,83.0,72.0,,,-1,,,,,-1.0,0,-1.0,20000.0,20000.0,20000.0,10,1,15,28,22,30,12,21,11,0,1,1,0.7,1540.0
7221,2025-07-20,,,,,,,,0,0,2649.0,15.2,15.1,17.1,15.8,12.0,12.0,16.0,,,,9.7,0,,,914.2,912.1,910.9,912.4,,,,,,,91.0,45.0,56.0,64.0,,-1,-1,,,,,,,,,,,12,,15,26,24,28,13,20,11,2,2,2,2.7,2003.0
7301,2025-07-20,,,,,,,,0,0,,17.4,18.1,19.0,18.2,16.0,16.0,20.0,,,,6.1,,,,933.6,931.5,930.1,931.7,,,,,,,89.0,52.0,69.0,70.0,,-1,,,,,,,,,,,,,,17,27,23,29,13,21,11,1,1,1,1.1,1149.0
7305,2025-07-20,,,,,,,,0,0,,18.8,16.0,17.7,17.5,0.0,16.0,12.0,,,,6.6,0,,,948.8,947.0,946.0,947.3,,,,,,,77.0,42.0,53.0,57.0,,-1,-1,,,,,,,,,,,11,,21,28,26,29,16,22,13,0,2,1,1.2,1213.0
7505,2025-07-20,,,,,,,,0,0,2415.0,18.2,17.4,18.6,18.1,0.0,4.0,4.0,,,,5.5,0,,,943.5,941.9,940.7,942.0,,,,,,,67.0,44.0,57.0,56.0,,,-1,,,,,,,,,,,12,,23,29,26,29,13,21,13,0,1,1,0.7,1711.0
7531,2025-07-20,,,,,,,,0,0,2428.0,15.4,16.3,16.5,16.1,28.0,12.0,8.0,,,,9.6,0,,,906.2,905.3,904.0,905.2,,,,,,,73.0,53.0,61.0,62.0,,-1,-1,,,,,,,,,,,11,,18,25,22,26,16,21,,3,2,3,3.9,348.0
7604,2025-07-20,1.0,1.0,0.0,5.0,6.0,6.0,57.0,0,0,2508.0,18.5,16.4,19.4,18.1,24.0,12.0,8.0,0,0,0,5.8,0,0,0,977.5,975.3,973.8,975.5,0,0,,,,,75.0,38.0,50.0,54.0,,-1,-1,,0,0,,-1.0,0,-1.0,40000.0,40000.0,35000.0,12,0,21,30,29,31,16,24,14,1,1,2,1.6,1050.0
7610,2025-07-20,,,,,,,,0,0,,16.4,18.5,17.2,17.4,20.0,32.0,32.0,,,,5.2,0,,,930.5,928.9,927.7,929.0,,,,,,,71.0,52.0,57.0,60.0,,-1,-1,,,,,,,,,,,11,,20,27,24,29,14,22,13,2,1,1,1.6,1620.0
7641,2025-07-20,1.0,,,2.0,,,,0,0,2621.0,18.3,17.0,18.4,17.9,4.0,4.0,4.0,0,,,4.9,0,0,0,971.4,969.6,968.1,969.7,0,0,,,,,73.0,39.0,53.0,55.0,,-1,-1,,0,,,-1.0,0,-1.0,6000.0,,,12,1,21,31,27,31,14,23,14,1,1,1,1.1,1239.0
7653,2025-07-20,,,,,,,,0,0,,18.5,17.4,17.9,17.9,16.0,12.0,8.0,,,,4.6,0,,,,,,,,,,,,,70.0,38.0,49.0,52.0,,-1,-1,,,,,,,,,,,,,22,31,28,32,17,25,15,1,1,1,1.1,104.0
7704,2025-07-20,2.0,1.0,0.0,2.0,4.0,10.0,53.0,0,0,2580.0,18.2,17.6,20.3,18.7,20.0,16.0,8.0,0,0,0,7.7,0,0,0,988.4,986.2,984.7,986.4,0,0,,,,,62.0,38.0,56.0,52.0,,-1,-1,,0,0,,-1.0,0,-1.0,20000.0,20000.0,20000.0,12,0,24,32,27,32,18,25,17,1,2,2,2.1,1547.0
7710,2025-07-20,,,,,,,,0,0,2677.0,18.9,17.0,17.8,17.9,20.0,16.0,12.0,,,,7.1,0,,,988.4,986.3,984.7,986.5,,,,,,,70.0,38.0,47.0,52.0,,-1,-1,,,,,,,,,,,13,,22,31,28,32,16,24,12,1,1,2,1.6,1142.0
7714,2025-07-20,,,,,,,,0,0,,17.9,17.6,18.7,18.1,16.0,16.0,12.0,,,,9.1,0,,,,,,,,,,,,,65.0,43.0,56.0,55.0,,-1,-1,,,,,,,,,,,12,,23,29,26,30,17,24,,1,1,1,1.1,2244.0
7890,2025-07-20,0.0,,,3.0,,,,0,0,2683.0,19.5,20.2,20.3,20.0,24.0,16.0,20.0,1,,,5.1,0,,,996.3,994.0,992.4,994.2,,,,,,,71.0,45.0,57.0,58.0,,-1,-1,,0,,,-1.0,0,-1.0,4000.0,,,13,,23,31,27,32,17,25,,1,2,1,1.6,1039.0
7906,2025-07-20,,,,,,,,,,,,,,,,,,,,,,0,,,,,,,,,,,,,,,,,,,,,,,,,,,,,,,,,,,,,,,,,,,
7912,2025-07-20,,,,,,,,0,0,,19.5,17.2,18.3,18.3,20.0,24.0,12.0,,,,5.1,0,,,,,,,,,,,,,71.0,40.0,46.0,52.0,,-1,-1,,,,,,,,,,,14,,23,30,29,32,18,25,17,1,2,1,1.6,1536.0
7956,2025-07-20,,,,,,,,0,0,2561.0,18.5,16.3,21.8,18.9,16.0,16.0,12.0,,,,7.1,0,,,996.3,994.2,992.6,994.4,,,,,,,72.0,37.0,63.0,57.0,,-1,-1,,,,,,,,,,,13,,22,31,27,32,17,25,15,1,2,2,2.1,1214.0
8301,2025-07-20,,,,,,,,0,0,2311.0,12.9,16.1,16.5,15.2,16.0,28.0,20.0,,,,12.0,0,,,895.9,894.5,893.8,894.7,,,,,,,59.0,49.0,63.0,57.0,,-1,-1,,,,,,,,,,,11,,19,26,22,26,15,21,,1,2,1,1.6,2040.0
8806,2025-07-20,,,,,,,,0,0,2230.0,15.5,18.3,17.7,17.2,12.0,12.0,32.0,,,,10.1,0,,,906.5,903.0,902.0,903.8,,,,,,,94.0,57.0,69.0,73.0,,8,,,,,,,,,,,,9,,15,25,22,26,14,20,14,3,2,1,2.8,2336.0
8807,2025-07-20,,,,,,,,,,,,,,,,,,,,,,0,,,,,,,,,,,,,,,,,,,,,,,,,,,,,,,,,,,,,,,,,,,
9016,2025-07-20,0.0,0.0,0.0,4.0,7.0,8.0,63.0,0,0,2595.0,16.8,18.7,22.0,19.2,20.0,4.0,4.0,1,0,0,6.5,0,0,0,954.2,949.6,947.8,950.5,0,0,,,,,83.0,47.0,59.0,63.0,,14,-1,,1,0,,-1.0,0,-1.0,3000.0,30000.0,40000.0,13,0,18,29,28,31,16,24,15,2,1,1,1.6,512.0
9019,2025-07-20,,,,,,,,0,0,2391.0,16.1,19.1,21.0,18.7,8.0,16.0,20.0,,,,5.2,0,,,,,,,,,,,,,96.0,53.0,68.0,72.0,,19,-1,,,,,,,,,,,10,,15,27,25,29,14,21,12,1,1,1,1.1,2353.0
9105,2025-07-20,,,,,,,,0,0,,16.3,19.3,21.2,18.9,20.0,4.0,28.0,,,,4.7,0,,,,,,,,,,,,,90.0,48.0,76.0,71.0,,11,-1,,,,,,,,,,,,,16,29,23,30,14,22,,1,1,1,1.1,1000.0
9110,2025-07-20,1.0,1.0,,5.0,5.0,,,0,0,2658.0,16.7,18.8,21.6,19.0,8.0,32.0,28.0,2,0,,7.2,0,0,0,943.3,939.0,937.7,940.0,0,0,,,,,83.0,49.0,67.0,66.0,,5,-1,,1,,,-1.0,0,-1.0,2000.0,15000.0,,12,0,18,28,25,29,15,22,13,1,2,1,1.6,1549.0
9211,2025-07-20,,,,0.0,,,,0,0,2489.0,15.8,15.2,19.4,16.8,24.0,32.0,24.0,2,,,9.6,0,0,,939.6,935.6,934.5,936.6,0,0,,,,,84.0,37.0,66.0,62.0,,5,-1,,1,,,-1.0,0,-1.0,80000.0,,,11,0,17,30,24,30,15,23,14,3,1,1,2.2,443.0
9215,2025-07-20,,,,,,,,0,0,2774.0,10.4,12.9,13.7,12.3,20.0,12.0,12.0,,,,8.4,0,,,835.5,834.6,833.5,834.5,,,,,,,54.0,50.0,58.0,54.0,,3,-1,,,,,,,,,,,13,,17,22,20,22,12,17,,2,2,2,2.7,1943.0
9406,2025-07-20,,,,,,,,0,0,2362.0,16.3,16.1,23.5,18.6,16.0,24.0,8.0,,,,15.5,0,,,954.9,950.8,949.0,951.6,,,,,,,71.0,38.0,71.0,60.0,,1,-1,,,,,,,,,,,11,,20,30,26,31,17,24,17,2,1,1,1.6,707.0
9501,2025-07-20,2.0,2.0,0.0,3.0,2.0,3.0,27.0,0,0,2679.0,16.9,13.0,19.2,16.4,24.0,24.0,16.0,2,1,1,4.1,0,0,0,930.7,926.9,925.4,927.7,0,0,,,,,87.0,31.0,60.0,59.0,,18,-1,,1,0,,-1.0,0,-1.0,10000.0,15000.0,15000.0,12,0,17,30,25,31,16,23,16,1,1,1,1.1,1428.0
9512,2025-07-20,,,,,,,,0,0,,17.9,18.5,21.5,19.3,12.0,24.0,24.0,,,,6.1,0,,,948.1,944.7,943.1,945.3,,,,,,,74.0,44.0,64.0,61.0,,-1,-1,,,,,,,,,,,13,,21,30,26,30,18,24,,1,2,1,1.6,940.0
9609,2025-07-20,,,,,,,,0,0,2624.0,18.1,18.2,23.5,19.9,16.0,20.0,4.0,,,,6.7,0,,,949.6,945.3,944.0,946.3,,,,,,,84.0,42.0,70.0,65.0,,,-1,,,,,,,,,,,12,,19,30,26,31,17,24,17,1,1,1,1.1,217.0
9618,2025-07-20,,,,,,,,0,0,2615.0,17.5,18.9,23.2,19.9,12.0,28.0,12.0,,,,8.8,0,,,952.1,948.1,946.7,949.0,,,,,,,73.0,45.0,70.0,63.0,,-1,-1,,,,,,,,,,,12,,20,30,26,30,17,24,15,2,2,1,2.1,611.0
9643,2025-07-20,,0.0,0.0,0.0,3.0,3.0,20.0,0,0,,15.8,15.6,18.9,16.8,8.0,12.0,0.0,0,0,0,7.7,0,0,0,926.9,923.2,922.2,924.1,0,0,,,,,76.0,39.0,58.0,58.0,,-1,-1,,,,,-1.0,0,-1.0,15000.0,15000.0,15000.0,,0,18,29,26,30,16,23,,2,1,0,1.2,747.0
9700,2025-07-20,,,,,,,,0,0,,15.4,15.1,15.7,15.4,8.0,8.0,12.0,,,,6.9,0,,,921.6,917.9,916.7,918.7,,,,,,,79.0,40.0,44.0,54.0,,0,-1,,,,,,,,,,,,,17,28,27,29,15,22,,2,1,2,2.1,1733.0
9801,2025-07-20,1.0,2.0,2.0,6.0,5.0,8.0,63.0,0,0,,15.8,17.4,19.1,17.4,20.0,4.0,4.0,1,0,0,9.6,0,0,0,938.0,933.6,932.3,934.6,0,0,,,,,80.0,44.0,54.0,59.0,,0,-1,,1,0,,-1.0,0,-1.0,40000.0,50000.0,50000.0,,0,17,29,27,29,16,23,14,2,3,1,2.8,26.0
9811,2025-07-20,,,,,,,,0,0,,15.5,15.9,18.3,16.6,12.0,4.0,12.0,,,,8.6,0,,,933.2,928.9,927.7,929.9,,,,,,,82.0,40.0,60.0,61.0,,,-1,,,,,,,,,,,,,17,29,24,30,15,23,14,2,2,3,3.3,34.0
9911,2025-07-20,,,,,,,,0,0,2673.0,16.4,13.9,18.8,16.4,0.0,16.0,32.0,,,,6.0,0,,,938.9,934.7,933.7,935.8,,,,,,,75.0,33.0,57.0,55.0,,-1,-1,,,,,,,,,,,11,,19,30,26,31,17,24,,0,1,1,0.7,1623.0
9919,2025-07-20,0.0,0.0,0.0,3.0,3.0,1.0,23.0,0,0,,17.6,16.7,18.7,17.7,24.0,4.0,12.0,1,0,0,6.7,0,0,0,942.2,938.8,937.6,939.5,0,0,,,,,82.0,39.0,49.0,57.0,,-1,-1,,,,,-1.0,0,-1.0,25000.0,25000.0,30000.0,11,0,19,30,28,32,17,24,16,1,1,2,1.6,1705.0
9925,2025-07-20,,,,,,,,0,0,2402.0,16.2,17.5,16.5,16.7,24.0,8.0,12.0,,,,10.7,0,,,931.8,927.7,926.7,928.7,,,,,,,79.0,44.0,50.0,58.0,,-1,-1,,,,,,,,,,,10,,18,29,26,30,16,23,15,1,1,3,2.2,1820.0
10005,2025-07-20,,,,,,,,0,0,2474.0,17.6,16.0,19.5,17.7,28.0,12.0,16.0,,,,6.2,0,,,950.2,946.5,945.3,947.3,,,,,,,88.0,37.0,62.0,62.0,,-1,-1,,,,,,,,,,,11,,18,30,25,32,16,24,,1,1,1,1.1,848.0
10111,2025-07-20,,,,,,,,0,0,2449.0,14.7,15.0,17.1,15.6,28.0,16.0,12.0,,,,8.2,0,,,877.8,876.6,875.6,876.7,,,,,,,80.0,51.0,68.0,66.0,,-1,-1,,,,,,,,,,,10,,16,24,21,25,15,20,,2,2,2,2.7,136.0
10200,2025-07-20,2.0,0.0,1.0,8.0,5.0,6.0,63.0,0,0,2392.0,17.2,17.4,18.8,17.8,4.0,16.0,28.0,1,0,0,6.4,0,0,0,923.7,921.6,920.8,922.0,0,0,,,,,89.0,49.0,68.0,69.0,,0,-1,,,,,-1.0,0,-1.0,5000.0,8000.0,7000.0,8,0,17,27,23,28,16,22,14,1,1,2,1.6,1240.0
10401,2025-07-20,,,,,,,,0,0,,16.3,14.7,18.8,16.6,28.0,20.0,16.0,,,,8.2,0,,,931.4,929.1,928.0,929.5,,,,,,,88.0,40.0,60.0,63.0,,-1,-1,,,,,,,,,,,9,,16,28,25,29,15,22,,1,2,1,1.6,851.0
10412,2025-07-20,1.0,1.0,1.0,5.0,4.0,3.0,40.0,0,0,1693.0,12.9,,15.2,,28.0,16.0,16.0,0,0,0,12.8,0,0,0,843.0,842.7,841.6,842.4,0,0,,,,,77.0,63.0,79.0,73.0,,-1,-1,,0,0,,-1.0,0,-1.0,40000.0,40000.0,40000.0,6,0,15,,17,21,12,16,,2,2,2,2.7,2111.0
10415,2025-07-20,,,,,,,,0,0,2526.0,15.9,13.4,17.1,15.5,20.0,20.0,16.0,,,,8.8,0,,,900.9,899.6,898.6,899.7,,,,,,,85.0,43.0,61.0,63.0,,-1,-1,,0,0,,,,,,,,10,,17,25,23,26,14,20,13,2,3,2,3.3,1149.0
10500,2025-07-20,,,,,,,,0,0,2276.0,15.9,17.9,17.1,17.0,28.0,16.0,20.0,,,,8.9,0,,,901.1,899.8,899.0,900.0,,,,,,,74.0,61.0,66.0,67.0,,-1,-1,,,,,,,,,,,8,,19,24,22,24,16,20,14,1,3,2,2.8,1117.0
10510,2025-07-20,,,,,,,,0,0,2417.0,17.9,13.7,19.7,17.1,32.0,24.0,32.0,,,,5.6,0,,,954.7,952.3,951.4,952.8,,,,,,,79.0,33.0,63.0,58.0,,-1,-1,,0,0,,,,,,,,10,,20,30,25,30,15,23,13,1,1,1,1.1,1550.0
10531,2025-07-20,,,,,,,,0,0,2463.0,19.2,18.2,19.3,18.9,16.0,4.0,12.0,,,,7.6,0,,,962.3,960.1,958.9,960.4,,,,,,,72.0,44.0,52.0,56.0,,-1,-1,,,,,,,,,,,11,,22,30,28,31,16,24,,1,2,1,1.6,1216.0
10607,2025-07-20,,,,,,,,0,0,2242.0,18.6,18.2,20.1,19.0,12.0,16.0,16.0,,,,7.0,0,,,958.6,956.4,955.4,956.8,,,,,,,85.0,50.0,66.0,67.0,,-1,-1,,,,,,,,,,,9,,19,27,24,29,14,22,13,1,1,1,1.1,1219.0
10710,2025-07-20,,,,,,,,0,0,,18.3,16.6,19.2,18.0,12.0,20.0,12.0,,,,6.2,0,,,977.1,975.2,973.7,975.3,,,,,,,68.0,38.0,50.0,52.0,,-1,-1,,0,0,,,,,,,,,,22,31,28,32,16,24,,1,2,2,2.1,1348.0
10720,2025-07-20,,,,,,,,0,0,2676.0,16.8,15.0,16.8,16.2,8.0,16.0,16.0,,,,7.9,0,,,,,,,,,,,,,61.0,39.0,48.0,49.0,,-1,-1,,,,,,,,,,,13,,23,28,27,30,19,25,16,1,2,2,2.1,1317.0
11102,2025-07-20,0.0,0.0,1.0,2.0,5.0,4.0,37.0,,,,,,,,,,,1,0,0,,0,0,0,,,,,0,0,,,,,,,,,,-1,-1,,0,0,,-1.0,0,-1.0,10000.0,12000.0,8000.0,,1,,,,,,,,,,,,
11104,2025-07-20,,,,,,,,0,0,2245.0,18.1,19.4,22.7,20.1,8.0,28.0,8.0,,,,13.1,0,,,958.1,955.6,954.5,956.1,,,,,,,90.0,62.0,75.0,76.0,,-1,,,,,,,,,,,,10,,18,25,24,27,15,21,13,1,1,1,1.1,2014.0
11106,2025-07-20,,,,,,,,0,0,,14.5,18.2,17.2,16.6,4.0,28.0,4.0,,,,9.9,0,,,917.7,915.6,914.9,916.1,,,,,,,66.0,52.0,56.0,58.0,,-1,-1,,,,,,,,,,,,,19,27,25,29,15,22,12,1,1,1,1.1,2038.0
11114,2025-07-20,,,,,,,,0,0,2297.0,18.2,22.3,23.6,21.4,0.0,32.0,8.0,,,,9.9,0,,,961.5,958.7,957.5,959.2,,,,,,,85.0,68.0,76.0,76.0,,,-1,,,,,,,,,,,10,,19,26,25,28,14,21,11,0,2,1,1.2,2019.0
11115,2025-07-20,0.0,,,2.0,,,,0,0,2304.0,17.0,23.2,21.3,20.5,0.0,28.0,32.0,1,,,11.7,0,0,0,958.2,955.1,954.3,955.9,0,0,,,,,82.0,62.0,64.0,69.0,,,-1,,,,,-1.0,0,-1.0,25000.0,,,12,0,18,28,26,29,15,22,14,0,2,1,1.2,2101.0
11116,2025-07-20,,,,,,,,0,0,,11.6,11.8,16.8,13.4,8.0,20.0,4.0,,,,10.0,0,,,,,,,,,,,,,61.0,45.0,79.0,62.0,,,,,,,,,,,,,,12,,17,22,19,23,13,18,,1,3,1,2.2,1357.0
11135,2025-07-20,,,,,,,,0,0,2264.0,16.0,23.9,18.8,19.6,32.0,20.0,20.0,,,,13.5,0,,,927.7,925.5,924.7,926.0,,,,,,,94.0,74.0,63.0,77.0,,,-1,,,,,,,,,,,10,,15,25,24,27,12,20,12,1,2,2,2.1,2038.0
11146,2025-07-20,,,,,,,,0,0,2242.0,19.2,22.2,23.1,21.5,12.0,28.0,12.0,,,,16.1,0,,,963.1,960.2,959.2,960.8,,,,,,,87.0,75.0,68.0,77.0,,-1,-1,,,,,,,,,,,10,,19,24,26,27,15,21,,1,2,1,1.6,2030.0
11200,2025-07-20,,,,,,,,,,,,,,,,,,,,,,0,,,,,,,,,,,,,,,,,,,,,,,,,,,,,,,,,,,,,,,,,,,
11203,2025-07-20,,,,,,,,0,0,2405.0,14.9,18.0,17.0,16.6,12.0,24.0,24.0,,,,9.3,0,,,915.1,912.4,912.2,913.2,,,,,,,94.0,50.0,54.0,66.0,,-1,-1,,,,,,,,,,,11,,14,27,25,28,10,19,9,1,1,1,1.1,2108.0
11301,2025-07-20,,,,,,,,0,0,2045.0,12.5,15.2,17.2,15.0,8.0,28.0,20.0,,,,11.5,0,,,872.1,870.9,870.4,871.1,,,,,,,64.0,50.0,68.0,61.0,,-1,0,,,,,,,,,,,8,,17,24,21,26,13,20,,1,1,1,1.1,2127.0
11305,2025-07-20,,,,,,,,0,0,2426.0,12.4,10.8,16.4,13.2,8.0,20.0,32.0,,,,8.9,0,,,850.0,848.5,848.0,848.8,,,,,,,94.0,36.0,69.0,66.0,,-1,-1,,,,,,,,,,,10,,11,24,20,25,9,17,9,1,3,1,2.2,1333.0
11306,2025-07-20,0.0,0.0,1.0,4.0,4.0,5.0,43.0,,,,,,,,,,,2,1,0,,0,0,0,,,,,0,0,,,,,,,,,,-1,-1,,0,0,,-1.0,0,-1.0,25000.0,25000.0,25000.0,,0,,,,,,,,,,,,
11311,2025-07-20,,,,,,,,0,0,2259.0,13.8,14.5,17.8,15.4,20.0,4.0,28.0,,,,7.8,0,,,,,,,,,,,,,79.0,48.0,75.0,67.0,,,-1,,,,,,,,,,,9,,15,24,20,25,11,18,,1,3,1,2.2,2142.0
11401,2025-07-20,1.0,1.0,,1.0,7.0,,,,,,,,,,,,,0,0,,,0,,,,,,,,,,,,,,,,,,-1,,,0,,,-1.0,0,-1.0,15000.0,15000.0,,,,,,,,,,,,,,,
11402,2025-07-20,,,,,,,,0,0,1904.0,14.3,17.3,18.4,16.7,24.0,8.0,28.0,,,,7.7,0,,,889.1,886.0,885.5,886.9,,,,,,,93.0,58.0,74.0,75.0,,-1,-1,,,,,,,,,,,8,,13,24,21,26,10,18,10,1,1,1,1.1,2238.0
11410,2025-07-20,1.0,2.0,2.0,5.0,6.0,6.0,57.0,0,0,2215.0,14.5,17.5,17.2,16.4,8.0,28.0,24.0,1,1,1,14.0,1,0,0,887.6,885.6,885.9,886.4,0,0,,,,,87.0,54.0,80.0,74.0,,4,1,,1,1,,-1.0,0,-1.0,10000.0,10000.0,10000.0,9,0,15,25,19,26,10,18,7,1,2,2,2.1,1830.0
11505,2025-07-20,,,,,,,,1,0,,15.0,20.0,19.7,18.2,12.0,28.0,32.0,,,,18.1,1,,,915.2,912.0,911.6,912.9,,,,,,,80.0,60.0,73.0,71.0,,,0,,,,,,,,,,,,,17,26,22,27,12,19,10,1,3,1,2.2,1901.0
11506,2025-07-20,1.0,1.0,2.0,2.0,3.0,5.0,,,,,,,,,,,,0,0,1,,1,,0,,,,,,,,,,,,,,,,-1,-1,,0,0,,-1.0,0,-1.0,20000.0,25000.0,25000.0,,,,,,,,,,,,,,
11602,2025-07-20,,,,,,,,,,,,,,,,,,,,,,0,,,,,,,,,,,,,,,,,,,,,,,,,,,,,,,,,,,,,,,,,,,
11603,2025-07-20,,,,,,,,0,0,2177.0,14.5,16.3,19.3,16.7,16.0,20.0,28.0,,,,9.4,0,,,901.0,897.8,896.9,898.6,,,,,,,82.0,44.0,63.0,63.0,,7,-1,,,,,,,,,,,9,,16,28,25,29,14,22,13,2,2,1,2.1,141.0
11706,2025-07-20,,,,,,,,0,0,2314.0,15.0,15.5,12.6,14.4,8.0,12.0,12.0,,,,7.4,0,,,880.4,877.7,876.3,878.1,,,,,,,92.0,54.0,43.0,63.0,,5,-1,,,,,,,,,,,10,,14,23,24,26,13,19,11,2,3,2,3.3,2332.0
11800,2025-07-20,2.0,2.0,1.0,3.0,9.0,2.0,47.0,,,,,,,,,,,1,0,0,,0,0,0,,,,,0,0,,,,,,,,,,3,-1,,1,0,,-1.0,0,-1.0,3000.0,35000.0,30000.0,,1,,,,,,,,,,,,
11803,2025-07-20,0.0,,,7.0,,,,0,0,2555.0,16.3,19.0,14.6,16.6,20.0,4.0,16.0,1,,,14.1,0,0,0,942.0,936.9,935.4,938.1,0,0,,,,,85.0,49.0,36.0,57.0,,3,-1,,1,,,-1.0,0,-1.0,8000.0,,,11,1,17,29,29,33,15,24,15,1,2,4,3.5,1855.0
11804,2025-07-20,,,,,,,,0,0,,16.4,19.8,15.1,17.1,24.0,28.0,12.0,,,,14.6,0,,,944.7,939.7,938.0,940.8,,,,,,,87.0,52.0,38.0,59.0,,3,-1,,,,,,,,,,,11,,17,28,29,31,15,23,14,2,1,3,2.8,2035.0
11901,2025-07-20,,,,,,,,0,0,2388.0,17.3,17.2,22.5,19.0,20.0,8.0,32.0,,,,8.5,0,,,950.1,945.2,943.8,946.4,,,,,,,89.0,45.0,75.0,70.0,,8,-1,,,,,,,,,,,10,,17,28,24,29,15,22,,2,2,1,2.1,845.0
12015,2025-07-20,,,,,,,,0,0,2589.0,14.0,18.3,16.5,16.3,8.0,24.0,8.0,,,,5.1,0,,,907.7,904.3,903.0,905.0,,,,,,,87.0,56.0,57.0,67.0,,13,-1,,,,,,,,,,,12,,14,26,24,28,12,20,,2,2,2,2.7,2040.0
12016,2025-07-20,,,,,,,,,,,,,,,,,,,,,,0,,,,,,,,,,,,,,,,,,,,,,,,,,,,,,,,,,,,,,,,,,,
12203,2025-07-20,,,,,,,,0,0,2278.0,15.7,20.4,17.8,18.0,12.0,28.0,20.0,,,,4.9,0,,,924.3,920.5,919.2,921.3,,,,,,,86.0,56.0,58.0,67.0,,12,-1,,,,,,,,,,,11,,16,27,25,30,13,21,12,1,1,1,1.1,2017.0
12215,2025-07-20,,,,,,,,0,0,2574.0,9.8,12.0,11.3,11.0,20.0,20.0,16.0,,,,10.4,0,,,821.9,821.0,820.0,821.0,,,,,,,50.0,49.0,53.0,51.0,,,,,,,,,,,,,,11,,17,21,19,21,10,16,,2,2,3,3.3,2151.0
12216,2025-07-20,,,,,,,,,,,,,,,,,,,,,,0,,,,,,,,,,,,,,,,,,,-1,,,,,,,,,,,,,,,,,,,,,,,,
12231,2025-07-20,,,,,,,,0,0,2226.0,15.8,19.4,18.9,18.0,8.0,12.0,16.0,,,,6.5,0,,,,,,,,,,,,,90.0,62.0,70.0,74.0,,11,-1,,,,,,,,,,,8,,16,25,22,28,15,21,,1,1,1,1.1,1804.0
12302,2025-07-20,,,,,,,,0,0,,15.5,20.0,17.2,17.6,12.0,16.0,20.0,,,,3.9,0,,,902.2,898.6,897.6,899.5,,,,,,,92.0,74.0,73.0,80.0,,,-1,,,,,,,,,,,,,15,22,20,26,14,20,14,1,1,1,1.1,1303.0
12311,2025-07-20,,,,,,,,0,0,2841.0,9.9,11.8,10.9,10.9,20.0,8.0,12.0,,,,10.5,0,,,803.7,803.3,802.2,803.1,,,,,,,58.0,54.0,57.0,56.0,,14,-1,,,,,,,,,,,13,,15,19,17,19,9,14,,3,2,3,3.9,326.0
12323,2025-07-20,,,,,,,,0,0,,16.6,18.4,17.4,17.5,24.0,20.0,8.0,,,,13.3,0,,,926.5,922.1,920.8,923.1,,,,,,,87.0,52.0,58.0,66.0,,10,,,,,,,,,,,,10,,17,27,24,29,15,22,,1,1,2,1.6,1649.0
12351,2025-07-20,,,,,,,,0,0,2387.0,15.0,15.3,18.3,16.2,12.0,12.0,12.0,,,,12.5,0,,,903.3,900.4,899.1,900.9,,,,,,,88.0,45.0,60.0,64.0,,14,-1,,,,,,,,,,,11,,15,26,24,28,13,21,,4,3,2,4.7,834.0
12352,2025-07-20,0.0,1.0,1.0,2.0,4.0,6.0,40.0,,,,,,,,,,,2,0,0,,0,0,0,,,,,0,0,,,,,,,,,,17,-1,,1,0,,-1.0,0,-1.0,10000.0,15000.0,12000.0,,0,,,,,,,,,,,,
12504,2025-07-20,,,,,,,,0,0,2571.0,16.8,17.1,19.6,17.8,12.0,0.0,12.0,,,,4.8,0,,,949.7,944.0,942.9,945.5,,,,,,,89.0,43.0,61.0,64.0,,4,-1,,,,,,,,,,,10,,17,29,25,31,16,24,15,1,0,1,0.7,1539.0
12506,2025-07-20,,,,,,,,,,,,,,,,,,,,,,0,,,,,,,,,,,,,,,,,,,,,,,,,,,,,,,,,,,,,,,,,,,
12513,2025-07-20,,,,,,,,0,0,,16.0,17.4,16.1,16.5,16.0,12.0,28.0,,,,5.3,0,,,927.5,922.9,921.8,924.1,,,,,,,79.0,45.0,48.0,57.0,,,-1,,,,,,,,,,,12,,18,28,26,30,15,23,15,1,1,2,1.6,1817.0
12530,2025-07-20,1.0,1.0,1.0,3.0,4.0,7.0,,0,0,,15.8,19.4,18.5,17.9,12.0,12.0,12.0,1,1,0,5.1,0,0,0,938.5,933.4,932.2,934.7,0,0,,,,,90.0,54.0,62.0,69.0,,10,-1,,1,0,,-1.0,0,-1.0,15000.0,30000.0,20000.0,,0,16,27,24,29,15,22,14,1,1,1,1.1,559.0
12616,2025-07-20,,,,,,,,0,0,2730.0,15.7,18.5,19.8,18.0,8.0,8.0,4.0,,,,5.8,0,,,918.2,913.8,912.9,915.0,,,,,,,85.0,46.0,69.0,67.0,,6,-1,,,,,,,,,,,12,,16,29,23,30,13,21,12,1,2,1,1.6,1453.0
12711,2025-07-20,0.0,,,2.0,,,,0,0,,13.3,15.2,15.4,14.6,28.0,8.0,4.0,1,,,4.9,0,0,0,878.4,875.9,875.1,876.5,0,0,,,,,79.0,46.0,60.0,62.0,,,-1,,1,,,-1.0,0,-1.0,29000.0,,,,0,15,26,22,27,12,20,11,1,1,1,1.1,354.0
12720,2025-07-20,,,,,,,,0,0,2594.0,,,,,28.0,12.0,20.0,,,,8.4,0,,,,,,,,,,,,,,,,,,,,,,,,,,,,,,10,,,,,,,,,1,2,2,2.1,1200.0
12721,2025-07-20,,,,,,,,,,,7.6,9.0,10.2,8.9,,,,,,,,0,,,,,,,,,,,,,65.0,60.0,77.0,67.0,,0,-1,,,,0.0,,,,,,,,,9,13,11,14,5,9,,,,,,
12811,2025-07-20,,,,,,,,0,0,,15.6,18.8,15.9,16.8,16.0,4.0,4.0,,,,8.3,0,,,925.1,920.9,919.7,921.9,,,,,,,83.0,47.0,48.0,59.0,,0,-1,,,,,,,,,,,,,17,29,26,29,15,22,14,1,2,2,2.1,1708.0
13116,2025-07-20,,,,,,,,0,0,2291.0,16.2,15.1,19.3,16.9,24.0,12.0,28.0,,,,7.3,0,,,913.8,911.4,910.7,912.0,,,,,,,90.0,44.0,72.0,69.0,,,0,,,,,,,,,,,8,,16,26,22,29,15,22,14,1,1,1,1.1,1434.0
13120,2025-07-20,,,,,,,,0,0,2219.0,15.5,17.4,17.8,16.9,24.0,8.0,12.0,,,,8.9,0,,,927.6,924.4,923.6,925.2,,,,,,,77.0,48.0,59.0,61.0,,1,-1,,,,,,,,,,,8,,18,27,24,28,17,22,16,2,3,2,3.3,1842.0
13302,2025-07-20,,,,,,,,0,0,2229.0,19.1,18.7,18.6,18.8,8.0,8.0,8.0,,,,8.9,0,,,,,,,,,,,,,90.0,48.0,51.0,63.0,,0,-1,,,,,,,,,,,9,,19,29,27,30,18,24,18,1,2,2,2.1,1524.0
13308,2025-07-20,,,,,,,,0,0,,19.8,19.3,21.6,20.2,32.0,16.0,0.0,,,,6.1,1,,,962.5,960.0,958.8,960.4,,,,,,,93.0,50.0,73.0,72.0,,1,-1,,,,,,,,,,,8,,19,28,24,29,18,24,18,1,1,0,0.7,1531.0
13312,2025-07-20,,,,,,,,0,0,2304.0,17.9,17.9,18.3,18.0,16.0,12.0,12.0,,,,6.6,0,,,948.8,945.5,944.5,946.3,,,,,,,86.0,43.0,50.0,60.0,,,-1,,,,,,,,,,,9,,18,30,28,31,18,24,18,1,1,2,1.6,1606.0
13401,2025-07-20,,,,,,,,0,0,2272.0,17.9,17.4,18.8,18.0,4.0,28.0,20.0,,,,6.9,0,,,952.4,949.6,948.5,950.2,,,,,,,86.0,45.0,54.0,62.0,,-1,-1,,,,,,,,,,,10,,18,28,27,30,17,23,15,1,1,2,1.6,1723.0
13515,2025-07-20,,,,,,,,0,0,,16.1,16.2,17.1,16.5,12.0,16.0,16.0,,,,8.3,0,,,896.2,894.9,894.3,895.1,,,,,,,85.0,52.0,67.0,68.0,,0,-1,,,,,,,,,,,7,,17,25,22,25,17,21,15,1,2,2,2.1,1051.0
13605,2025-07-20,,,,,,,,0,0,2368.0,19.5,17.2,18.9,18.5,16.0,16.0,20.0,,,,7.3,0,,,972.1,970.0,968.6,970.2,,,,,,,83.0,42.0,50.0,58.0,,-1,-1,,,,,,,,,,,10,,20,29,28,31,20,25,19,1,2,2,2.1,1038.0
13606,2025-07-20,,,,,,,,0,0,2275.0,17.5,17.8,17.8,17.7,28.0,16.0,12.0,,,,9.1,0,,,932.7,931.2,930.2,931.4,,,,,,,82.0,50.0,58.0,63.0,,-1,0,,,,,,,,,,,10,,19,27,25,28,17,23,14,1,2,2,2.1,1614.0
13640,2025-07-20,,,,,,,,0,0,2336.0,19.6,18.4,21.9,20.0,28.0,16.0,12.0,,,,8.2,0,,,959.8,957.8,956.7,958.1,,,,,,,91.0,47.0,66.0,68.0,,0,-1,,,,,,,,,,,,,19,29,26,29,18,24,17,1,2,1,1.6,1424.0
13702,2025-07-20,,,,,,,,0,0,2533.0,16.0,16.3,17.3,16.5,4.0,16.0,16.0,,,,7.5,0,,,939.1,937.8,936.7,937.9,,,,,,,68.0,46.0,54.0,56.0,,-1,-1,,,,,,,,,,,11,,20,27,25,28,18,23,,2,2,2,2.7,1127.0
13707,2025-07-20,,,,,,,,0,0,,19.2,17.7,21.4,19.4,32.0,16.0,12.0,,,,7.1,0,,,,,,,,,,,,,83.0,44.0,66.0,64.0,,-1,-1,,0,0,,,,,,,,11,,20,29,25,30,18,24,16,1,2,1,1.6,1433.0
13811,2025-07-20,,,,,,,,0,0,,17.1,16.2,18.4,17.2,28.0,20.0,16.0,,,,7.5,0,,,974.8,973.0,971.6,973.1,,,,,,,65.0,39.0,49.0,51.0,,-1,0,,,,,,,,,,,11,,22,30,28,31,20,26,19,1,2,1,1.6,1339.0
13907,2025-07-20,,,,,,,,0,0,2662.0,18.6,15.9,18.9,17.8,24.0,20.0,16.0,,,,6.9,0,,,986.8,984.7,983.3,984.9,,,,,,,67.0,36.0,49.0,51.0,,-1,-1,,,,,,,,,,,12,,23,31,28,32,17,25,16,1,2,1,1.6,1501.0
14103,2025-07-20,,,,,,,,0,0,2282.0,16.7,19.3,18.9,18.3,8.0,24.0,32.0,,,,8.6,0,,,943.5,940.7,940.0,941.4,,,,,,,86.0,51.0,56.0,64.0,,0,-1,,,,,,,,,,,10,,17,28,26,29,14,22,13,1,1,1,1.1,2149.0
14105,2025-07-20,,,,,,,,,,,,,,,,,,,,,,0,,,,,,,,,,,,,,,,,,,,,,,,,,,,,,,,,,,,,,,,,,,
14115,2025-07-20,,,,,,,,,,,14.0,,17.0,,16.0,,28.0,,,,,0,,,893.8,,891.9,,,,,,,,91.0,,70.0,,,,,,,,,,,,,,,,,13,,21,,,,,1,,1,,
14301,2025-07-20,,,,,,,,,,,,,,,,,,,,,,,,,,,,,,,,,,,,,,,,,,,,,,,,,,,,,,,,,,,,,,,,,
14302,2025-07-20,,,,,,,,0,0,1733.0,13.6,17.4,18.7,16.6,20.0,4.0,24.0,,,,9.5,0,,,868.5,865.5,864.6,866.2,,,,,,,87.0,61.0,73.0,74.0,,-1,-1,,,,,,,,,,,4,,14,23,22,24,13,19,14,2,2,1,2.1,2228.0
14305,2025-07-20,,0.0,,0.0,8.0,,,0,0,2351.0,9.2,13.9,13.7,12.3,8.0,24.0,24.0,1,0,,12.2,0,0,0,790.2,789.7,789.0,789.6,0,0,,,,,62.0,67.0,77.0,69.0,,-1,-1,,,,,-1.0,0,-1.0,60000.0,70000.0,,9,0,13,18,16,19,8,13,,1,2,3,2.8,2223.0
14308,2025-07-20,,,,,,,,0,0,,7.9,9.6,10.3,9.3,12.0,16.0,20.0,,,,12.1,0,,,,,,,,,,,,,76.0,65.0,75.0,72.0,,,,,,,,,,,,,,,,8,13,12,14,6,10,,3,3,2,3.9,1309.0
14310,2025-07-20,,0.0,1.0,0.0,3.0,5.0,27.0,,,,,,,,,,,0,0,0,,0,0,0,,,,,0,0,,,,,,,,,,-1,-1,,0,0,,-1.0,0,-1.0,20000.0,25000.0,15000.0,,0,,,,,,,,,,,,
14311,2025-07-20,,,,,,,,0,0,2087.0,12.9,16.0,18.4,15.8,4.0,20.0,20.0,,,,12.5,0,,,875.4,873.7,873.4,874.2,,,,,,,70.0,53.0,78.0,67.0,,-1,-1,,,,,,,,,,,9,,16,24,20,26,13,19,,4,2,2,4.0,439.0
14403,2025-07-20,,,,,,,,0,0,2005.0,14.6,16.9,18.3,16.6,12.0,4.0,16.0,,,,7.6,0,,,920.7,916.0,914.8,917.2,,,,,,,78.0,47.0,64.0,63.0,,-1,-1,,,,,,,,,,,7,,17,27,23,28,16,22,15,3,1,1,2.2,534.0
14513,2025-07-20,1.0,0.0,0.0,8.0,4.0,4.0,53.0,0,0,2176.0,15.9,16.7,17.5,16.7,12.0,16.0,24.0,1,0,0,5.0,0,0,1,924.4,919.8,918.4,920.9,0,0,,,,,87.0,45.0,54.0,62.0,,,-1,,1,,,-1.0,0,-1.0,100.0,20000.0,20000.0,8,0,16,28,25,29,15,22,,1,1,1,1.1,825.0
14521,2025-07-20,1.0,1.0,1.0,2.0,5.0,2.0,30.0,0,0,2179.0,13.7,18.1,14.5,15.4,0.0,4.0,20.0,1,0,0,9.4,0,0,0,,,,,0,0,,,,,92.0,54.0,45.0,64.0,,,-1,,1,0,,-1.0,0,-1.0,15000.0,20000.0,15000.0,7,0,13,26,25,29,12,21,,0,2,3,2.4,1816.0
14602,2025-07-20,,,,,,,,,,,,,,,,,,,,,,0,,,,,,,,,,,,,,,,,,,,,,,,,,,,,,,,,,,,,,,,,,,
14603,2025-07-20,,,,,,,,0,0,2041.0,16.6,19.0,21.3,19.0,24.0,4.0,8.0,,,,4.0,0,,,936.5,931.5,929.8,932.6,,,,,,,88.0,55.0,71.0,71.0,,2,-1,,,,,,,,,,,8,,17,27,24,29,15,22,14,1,1,1,1.1,1937.0
14621,2025-07-20,,,,,,,,,,,,,,,,,,,,,,0,,,,,,,,,,,,,,,,,,,,,,,,,,,,,,,,,,,,,,,,,,,
14622,2025-07-20,,,,,,,,0,0,,11.0,16.5,16.4,14.6,0.0,32.0,16.0,,,,4.7,0,,,852.9,850.1,849.7,850.9,,,,,,,98.0,67.0,81.0,82.0,,0,-1,,,,,,,,,,,,,9,21,18,22,8,15,,0,1,1,0.7,1130.0
14631,2025-07-20,,,,,,,,0,0,1987.0,13.3,15.0,17.2,15.2,12.0,28.0,12.0,,,,3.9,0,,,896.2,892.6,891.3,893.4,,,,,,,93.0,48.0,61.0,67.0,,0,-1,,,,,,,,,,,6,,12,25,23,27,11,19,8,1,1,1,1.1,1440.0
14701,2025-07-20,,,,,,,,0,0,2474.0,14.2,13.2,16.5,14.6,20.0,20.0,20.0,,,,11.5,0,,,,,,,,,,,,,92.0,38.0,64.0,65.0,,3,-1,,,,,,,,,,,11,,14,27,22,28,11,19,9,1,2,1,1.6,1505.0
14802,2025-07-20,,,,,,,,0,0,2368.0,12.7,13.8,14.3,13.6,28.0,8.0,12.0,,,,8.8,0,,,858.1,856.2,855.6,856.6,,,,,,,96.0,52.0,59.0,69.0,,12,-1,,,,,,,,,,,8,,11,22,21,24,11,17,,1,1,2,1.6,2306.0
14812,2025-07-20,,,,,,,,0,1,2610.0,9.0,10.2,11.1,10.1,16.0,16.0,16.0,,,,23.4,0,,,775.4,774.6,773.7,774.6,,,,,,,66.0,62.0,70.0,66.0,,4,-1,,,,,,,,,,,11,,12,15,14,15,8,12,,5,7,7,13.3,1350.0
14822,2025-07-20,,,,,,,,0,0,,15.9,16.7,12.9,15.2,32.0,8.0,20.0,,,,14.8,0,,,907.6,904.0,902.5,904.7,,,,,,,87.0,51.0,36.0,58.0,,4,-1,,,,,,,,,,,,,16,26,27,28,13,21,13,1,2,2,2.1,1855.0
14825,2025-07-20,,,,,,,,0,0,2379.0,12.1,12.9,14.2,13.1,8.0,24.0,16.0,,,,9.6,0,,,852.1,850.2,849.7,850.7,,,,,,,94.0,46.0,62.0,67.0,,14,-1,,,,,,,,,,,9,,11,23,20,24,9,16,,1,3,1,2.2,1123.0
14833,2025-07-20,,,,,,,,0,0,2579.0,14.2,12.9,15.0,14.0,12.0,12.0,12.0,,,,12.4,0,,,896.6,893.8,892.9,894.4,,,,,,,92.0,37.0,50.0,60.0,,9,-1,,,,,,,,,,,10,,14,27,24,27,11,19,10,1,3,3,3.4,1458.0
14834,2025-07-20,,,,,,,,,,,,,,,,,,,,,,0,,,,,,,,,,,,,,,,,,,,,,,,,,,,,,,,,,,,,,,,,,,
14912,2025-07-20,,,,,,,,0,0,,11.8,11.1,14.1,12.3,20.0,16.0,20.0,,,,9.3,0,,,,,,,,,,,,,96.0,40.0,75.0,70.0,,,-1,,,,,,,,,,,8,,10,23,17,24,8,16,,2,1,2,2.1,1320.0
15001,2025-07-20,0.0,2.0,2.0,2.0,5.0,6.0,43.0,,,,,,,,,,,2,0,0,,0,0,0,,,,,0,0,,,,,,,,,,14,-1,,1,0,,-1.0,0,-1.0,20000.0,20000.0,20000.0,,0,,,,,,,,,,,,
15002,2025-07-20,,,,,,,,0,0,2314.0,15.2,18.6,18.7,17.5,24.0,4.0,24.0,,,,5.3,0,,,938.6,934.0,932.7,935.1,,,,,,,87.0,51.0,70.0,69.0,,13,-1,,,,,,,,,,,9,,15,27,22,29,13,21,11,1,1,1,1.1,2054.0
15105,2025-07-20,1.0,1.0,0.0,3.0,6.0,6.0,50.0,0,0,2457.0,14.2,16.5,17.7,16.1,8.0,8.0,28.0,2,1,0,5.3,0,0,0,899.2,895.7,894.5,896.5,0,0,,,,,80.0,53.0,73.0,69.0,,,-1,,1,0,,-1.0,0,-1.0,15000.0,20000.0,15000.0,9,0,16,25,21,26,12,19,12,1,2,1,1.6,1307.0
15210,2025-07-20,,,,,,,,0,0,2078.0,13.9,15.0,18.0,15.6,0.0,12.0,0.0,,,,6.7,0,,,880.3,878.2,878.1,878.9,,,,,,,83.0,56.0,79.0,73.0,,,0,,,,,,,,,,,8,,15,22,20,23,10,17,9,0,2,0,0.9,1312.0
15300,2025-07-20,,,,,,,,,,,,,,,,,,,,,,0,,,,,,,,,,,,,,,,,,,,,,,,,,,,,,,,,,,,,,,,,,,
15321,2025-07-20,,,,,,,,1,0,2194.0,8.2,10.2,11.6,10.0,12.0,16.0,16.0,,,,20.3,0,,,770.0,769.7,768.6,769.4,,,,,,,60.0,62.0,82.0,68.0,,24,0,,,,,,,,,,,8,,12,14,12,16,7,11,,2,3,7,7.5,2155.0
15344,2025-07-20,,,,,,,,0,0,2020.0,12.9,14.9,17.8,15.2,4.0,20.0,8.0,,,,6.0,0,,,864.2,862.6,862.5,863.1,,,,,,,85.0,62.0,82.0,76.0,,13,1,,,,,,,,,,,7,,13,21,19,22,10,16,8,1,1,1,1.1,1147.0
15402,2025-07-20,,,,0.0,,,,0,0,2583.0,13.8,16.6,15.9,15.4,16.0,32.0,20.0,2,,,10.3,0,0,0,906.5,902.4,902.0,903.6,0,0,,,,,83.0,45.0,61.0,63.0,,10,-1,,,,,-1.0,0,-1.0,25000.0,,,10,0,15,28,22,29,12,20,10,1,2,1,1.6,1656.0
15411,2025-07-20,0.0,2.0,2.0,1.0,9.0,10.0,67.0,0,0,1372.0,6.7,9.0,9.6,8.4,24.0,16.0,20.0,6,6,6,16.6,0,0,1,699.6,699.8,699.0,699.5,0,0,,,,,72.0,91.0,100.0,88.0,,17,0,,6,1,9.0,8.0,2,-1.0,80000.0,300.0,20.0,5,0,6,7,6,8,2,5,,3,4,4,6.0,34.0
15430,2025-07-20,,,,,,,,0,0,1928.0,11.9,11.1,12.7,11.9,4.0,8.0,12.0,,,,14.8,0,,,836.4,835.6,834.7,835.6,,,,,,,83.0,46.0,56.0,62.0,,,-1,,,,,,,,,,,6,,12,21,20,22,9,15,,1,2,3,2.8,2237.0
15501,2025-07-20,,,,,,,,0,0,2199.0,13.6,14.1,15.0,14.2,16.0,16.0,16.0,,,,9.9,0,,,890.7,887.5,886.8,888.3,,,,,,,95.0,44.0,54.0,64.0,,11,-1,,,,,,,,,,,8,,12,25,23,27,11,19,,1,2,3,2.8,1610.0
15506,2025-07-20,,,,,,,,,,,,,,,,,,,,,,0,,,,,,,,,,,,,,,,,,,,,,,,,,,,,,,,,,,,,,,,,,,
15509,2025-07-20,,,,,,,,0,0,,14.2,16.2,17.1,15.8,12.0,32.0,20.0,,,,4.8,0,,,,,,,,,,,,,93.0,49.0,68.0,70.0,,26,-1,,,,,,,,,,,9,,13,26,21,28,12,20,10,1,2,1,1.6,1330.0
15610,2025-07-20,,,,,,,,0,0,2731.0,11.3,12.9,11.9,12.0,28.0,12.0,16.0,,,,8.5,0,,,824.5,823.5,822.9,823.6,,,,,,,73.0,51.0,58.0,61.0,,24,-1,,,,,,,,,,,11,,14,21,18,22,10,16,,1,3,2,2.8,1222.0
15640,2025-07-20,,,,,,,,0,0,2334.0,9.3,12.9,12.7,11.6,4.0,28.0,28.0,,,,11.0,0,,,,,,,,,,,,,58.0,67.0,72.0,66.0,,12,-1,,,,,,,,,,,8,,14,17,16,17,10,13,,3,3,2,3.9,1355.0
15702,2025-07-20,,,,,,,,0,0,,14.0,14.4,13.8,14.1,24.0,16.0,16.0,,,,14.2,0,,,895.6,892.1,891.6,893.1,,,,,,,90.0,42.0,50.0,61.0,,6,-1,,,,,,,,,,,,,14,26,23,27,12,19,10,1,2,2,2.1,2013.0
15712,2025-07-20,2.0,0.0,,10.0,3.0,,,0,0,2311.0,15.1,15.6,16.7,15.8,20.0,28.0,28.0,2,0,,7.7,0,0,1,898.8,895.3,894.7,896.3,0,0,,,,,92.0,44.0,57.0,64.0,,12,-1,,1,,,-1.0,0,-1.0,1000.0,50000.0,,8,0,14,27,24,29,13,21,13,1,1,1,1.1,1503.0
15715,2025-07-20,,,,,,,,0,0,2511.0,11.7,13.5,13.1,12.8,0.0,16.0,16.0,,,,9.2,0,,,835.6,834.4,834.0,834.7,,,,,,,75.0,53.0,65.0,64.0,,12,-1,,,,,,,,,,,10,,14,21,18,22,10,16,8,0,3,2,2.4,1324.0
15721,2025-07-20,,,,,,,,0,0,2387.0,14.4,15.3,13.9,14.5,16.0,12.0,16.0,,,,11.7,0,,,885.2,882.1,881.6,883.0,,,,,,,93.0,46.0,51.0,63.0,,,-1,,,,,,,,,,,8,,14,26,23,27,12,19,12,1,1,3,2.2,1553.0
15901,2025-07-20,,,,,,,,0,0,2232.0,15.1,15.9,21.0,17.3,4.0,12.0,12.0,,,,5.8,0,,,918.7,915.5,914.9,916.4,,,,,,,89.0,47.0,90.0,75.0,,,1,,,,,,,,,,,9,,15,26,20,28,14,21,,1,1,1,1.1,1425.0
15912,2025-07-20,,,,,,,,0,0,2377.0,13.4,14.6,15.3,14.4,32.0,12.0,12.0,,,,8.5,0,,,870.8,869.1,868.1,869.3,,,,,,,86.0,50.0,60.0,65.0,,,-1,,,,,,,,,,,9,,14,24,22,24,12,18,,1,3,2,2.8,0.0
15920,2025-07-20,,,,,,,,0,0,2293.0,15.0,15.7,18.6,16.4,28.0,8.0,8.0,,,,8.7,0,,,920.8,917.4,916.4,918.2,,,,,,,84.0,43.0,63.0,63.0,,,,,,,,,,,,,,10,,16,28,24,29,14,22,,1,2,1,1.6,1519.0
16015,2025-07-20,,,,,,,,0,0,2597.0,15.7,14.7,16.9,15.8,4.0,20.0,16.0,,,,9.2,0,,,914.7,912.0,910.8,912.5,,,,,,,87.0,41.0,52.0,60.0,,2,-1,,,,,,,,,,,12,,16,27,26,28,14,21,,1,3,2,2.8,1339.0
16101,2025-07-20,0.0,0.0,1.0,5.0,2.0,7.0,47.0,0,0,,16.4,17.5,20.7,18.2,16.0,32.0,4.0,1,0,1,7.7,0,0,0,935.1,931.9,931.1,932.7,0,0,,,,,86.0,45.0,69.0,67.0,,,-1,,1,1,,-1.0,0,-1.0,40000.0,40000.0,30000.0,,0,17,29,24,30,17,23,16,1,2,1,1.6,1629.0
16308,2025-07-20,,,,,,,,0,0,2522.0,19.4,18.3,21.2,19.6,12.0,12.0,8.0,,,,6.7,0,,,,,,,,,,,,,83.0,46.0,65.0,65.0,,0,-1,,,,,,,,,,,11,,20,29,26,29,18,24,18,1,2,1,1.6,1054.0
16400,2025-07-20,,,,,,,,0,0,,20.6,18.8,20.6,20.0,32.0,12.0,4.0,,,,8.2,0,,,969.0,966.7,965.1,966.9,,,,,,,84.0,47.0,56.0,62.0,,-1,-1,,,,,,,,,,,,,21,29,28,30,20,25,19,1,3,2,2.8,
16411,2025-07-20,,,,,,,,0,0,2344.0,17.7,18.4,19.7,18.6,24.0,16.0,32.0,,,,6.0,1,,,928.7,927.3,926.0,927.3,,,,,,,83.0,52.0,71.0,69.0,,,-1,,,,,,,,,,,9,,19,27,23,28,17,23,17,1,1,1,1.1,207.0
16412,2025-07-20,,,,,,,,0,0,2581.0,,,,,32.0,12.0,8.0,,,,8.8,1,,,967.4,965.2,963.6,965.4,,,,,,,,,,,,,,,,,,,,,,,,10,,,,,,,,,1,2,2,2.1,47.0
16413,2025-07-20,,,,,,,,0,0,2501.0,20.8,19.1,19.5,19.8,32.0,12.0,8.0,,,,11.2,1,,,970.1,967.9,966.3,968.1,,,,,,,84.0,45.0,51.0,60.0,,,-1,,,,,,,,,,,10,,21,30,28,31,20,26,19,1,2,1,1.6,53.0
16414,2025-07-20,,,,,,,,,,,20.7,17.7,20.2,19.5,,,,,,,,1,,,968.5,966.4,964.9,966.6,,,,,,,91.0,43.0,56.0,63.0,,,-1,,,,,,,,,,,,,20,30,27,31,19,25,19,,,,,
16421,2025-07-20,,,,,,,,0,0,2255.0,13.5,16.4,16.1,15.3,32.0,16.0,12.0,,,,11.3,1,,,854.8,854.5,853.3,854.2,,,,,,,84.0,71.0,79.0,78.0,,1,-1,,,,,,,,,,,8,,14,20,18,21,14,17,,3,2,3,3.9,144.0
16501,2025-07-20,,,,,,,,0,0,2318.0,21.1,18.1,21.1,20.1,28.0,12.0,8.0,,,,7.0,0,,,967.0,965.1,963.5,965.2,,,,,,,92.0,47.0,60.0,66.0,,2,-1,,,,,,,,,,,10,,20,28,27,29,19,24,,1,2,1,1.6,1459.0
16511,2025-07-20,,,,,,,,0,0,2442.0,21.7,17.6,19.7,19.7,0.0,12.0,8.0,,,,6.1,1,,,950.5,948.9,947.4,948.9,,,,,,,94.0,48.0,61.0,68.0,,2,-1,,,,,,,,,,,10,,20,28,25,29,19,24,19,0,1,2,1.2,1621.0
16601,2025-07-20,2.0,0.0,0.0,8.0,3.0,3.0,47.0,0,0,2427.0,19.5,18.6,21.4,19.8,20.0,16.0,8.0,0,0,0,5.6,0,0,0,979.0,977.0,975.4,977.1,0,0,,,,,83.0,46.0,58.0,62.0,,-1,-1,,0,0,,-1.0,0,-1.0,15000.0,15000.0,15000.0,10,0,20,29,28,31,19,25,17,1,2,1,1.6,1322.0
16702,2025-07-20,,,,,,,,0,0,2331.0,19.0,18.4,19.5,19.0,20.0,20.0,12.0,,,,6.5,0,,,985.3,983.3,981.5,983.4,,,,,,,82.0,43.0,50.0,58.0,,-1,-1,,,,,,,,,,,10,,20,30,29,32,19,25,18,2,2,2,2.7,1327.0
16711,2025-07-20,,,,,,,,0,0,2337.0,17.2,18.2,17.8,17.7,32.0,20.0,16.0,,,,8.5,0,,,964.1,962.3,960.8,962.4,,,,,,,74.0,46.0,49.0,56.0,,0,-1,,,,,,,,,,,10,,20,29,27,29,19,24,17,2,2,1,2.1,231.0
16800,2025-07-20,,,,,,,,0,0,,19.4,17.0,20.8,19.1,0.0,20.0,12.0,,,,5.8,0,,,,,,,,,,,,,88.0,41.0,60.0,63.0,,-1,-1,,,,,,,,,,,10,,19,30,27,31,17,24,16,0,1,1,0.7,1459.0
16906,2025-07-20,,,,,,,,0,0,2208.0,13.9,11.7,16.6,14.1,12.0,28.0,28.0,,,,9.6,0,,,899.9,897.1,897.3,898.1,,,,,,,94.0,31.0,59.0,61.0,,-1,-1,,,,,,,,,,,8,,13,28,23,29,12,20,,1,2,2,2.1,1357.0
17002,2025-07-20,,,,,,,,0,0,,11.4,10.4,10.5,10.8,12.0,0.0,20.0,,,,13.5,0,,,840.7,838.6,837.8,839.0,,,,,,,92.0,37.0,40.0,56.0,,-1,-1,,,,,,,,,,,,,10,23,22,25,10,17,10,1,0,2,1.2,2356.0
17003,2025-07-20,,,,,,,,,,,,,,,,,,,,,,0,,,,,,,,,,,,,,,,,,,,,,,,,,,,,,,,,,,,,,,,,,,
17005,2025-07-20,,,,,,,,0,0,1949.0,8.0,8.3,8.9,8.4,16.0,20.0,16.0,,,,10.7,0,,,769.9,769.6,768.8,769.4,,,,,,,55.0,46.0,51.0,51.0,,-1,-1,,,,,,,,,,,5,,13,16,15,17,9,13,,1,2,2,2.1,1035.0
17102,2025-07-20,,,,,,,,0,0,2078.0,12.7,13.8,14.2,13.6,12.0,16.0,16.0,,,,12.8,0,,,864.8,862.0,861.4,862.7,,,,,,,96.0,49.0,57.0,67.0,,-1,-1,,,,,,,,,,,7,,11,23,21,24,11,17,11,2,4,4,5.4,1207.0
17301,2025-07-20,0.0,,1.0,5.0,,7.0,,0,0,1829.0,10.0,11.7,10.8,10.8,16.0,24.0,8.0,1,,0,6.3,0,0,0,805.1,804.4,804.0,804.5,0,0,,,,,76.0,53.0,55.0,61.0,,1,-1,,,,,-1.0,0,-1.0,100000.0,,40000.0,4,0,11,19,17,20,8,14,,1,1,1,1.1,1321.0
17315,2025-07-20,2.0,2.0,,2.0,7.0,,,0,0,2161.0,6.5,7.4,7.5,7.1,4.0,20.0,8.0,1,0,,8.9,0,0,0,722.3,722.3,721.9,722.2,0,0,,,,,57.0,52.0,58.0,56.0,,-1,-1,,,,0.0,-1.0,0,-1.0,39000.0,23000.0,,7,0,9,12,11,12,6,9,,1,1,1,1.1,1032.0
17320,2025-07-20,,,,,,,,0,0,2440.0,6.1,6.7,6.6,6.5,20.0,20.0,20.0,,,,15.1,0,,,672.6,673.2,672.5,672.8,,,,,,,80.0,70.0,74.0,75.0,,,,,,,,,,,,,,8,,3,6,5,8,2,5,,3,4,3,5.3,814.0
17701,2025-07-20,,,,,,,,0,0,1728.0,13.3,15.1,17.6,15.3,28.0,8.0,28.0,,,,6.6,0,,,861.1,859.5,859.5,860.0,,,,,,,92.0,64.0,90.0,82.0,,,1,,,,,,,,,,,6,,13,20,17,21,8,14,6,1,2,1,1.6,1304.0
17901,2025-07-20,,,,,,,,0,0,2012.0,15.3,17.6,17.5,16.8,28.0,24.0,12.0,,,,10.1,0,,,936.8,933.4,932.7,934.3,,,,,,,79.0,55.0,56.0,63.0,,10,1,,,,,,,,,,,8,,17,25,25,28,14,21,12,1,2,1,1.6,1655.0
18001,2025-07-20,,,,,,,,0,0,1871.0,12.6,17.2,15.0,14.9,4.0,32.0,8.0,,,,7.2,0,,,893.0,890.7,890.0,891.2,,,,,,,92.0,63.0,54.0,70.0,,13,0,,,,,,,,,,,6,,12,23,23,25,11,18,11,1,1,2,1.6,1842.0
18111,2025-07-20,,,,,,,,0,0,2095.0,12.6,15.9,16.3,14.9,24.0,12.0,0.0,,,,6.8,0,,,879.6,877.8,877.4,878.3,,,,,,,96.0,58.0,69.0,74.0,,,-1,,,,,,,,,,,6,,11,23,20,24,10,17,11,1,1,0,0.7,2227.0
18122,2025-07-20,,,,,,,,0,0,2256.0,15.8,17.0,20.9,17.9,0.0,16.0,16.0,,,,7.6,0,,,934.5,930.8,930.4,931.9,,,,,,,87.0,50.0,75.0,71.0,,13,-1,,,,,,,,,,,8,,16,26,23,27,13,20,11,0,1,1,0.7,118.0
18210,2025-07-20,,1.0,0.0,0.0,2.0,3.0,17.0,0,0,2418.0,15.4,16.4,16.0,15.9,0.0,16.0,12.0,1,0,0,7.3,0,0,0,,,,,0,0,,,,,85.0,44.0,53.0,61.0,,2,-1,,,,,-1.0,0,-1.0,60000.0,60000.0,60000.0,10,0,16,28,24,30,13,22,12,0,1,1,0.7,1534.0
18225,2025-07-20,,,,,,,,0,0,2645.0,16.7,18.0,16.4,17.0,28.0,12.0,20.0,,,,7.2,0,,,950.4,946.2,945.6,947.4,,,,,,,84.0,45.0,50.0,60.0,,5,-1,,,,,,,,,,,12,,17,29,26,30,14,22,10,1,1,1,1.1,1551.0
18231,2025-07-20,,,,,,,,0,0,2452.0,15.9,16.0,16.8,16.2,32.0,20.0,16.0,,,,7.1,0,,,929.2,925.3,925.2,926.6,,,,,,,92.0,44.0,60.0,65.0,,10,-1,,,,,,,,,,,10,,15,27,23,28,13,21,13,1,2,1,1.6,1420.0
18402,2025-07-20,,,,,,,,0,0,,13.3,15.2,13.9,14.1,4.0,16.0,12.0,,,,8.3,0,,,855.8,854.5,853.7,854.7,,,,,,,100.0,58.0,62.0,73.0,,2,-1,,,,,,,,,,,,,11,22,19,23,9,16,9,1,2,1,1.6,1234.0
18502,2025-07-20,,,,,,,,0,0,2649.0,15.5,17.9,15.6,16.3,28.0,20.0,20.0,,,,8.5,0,,,931.5,928.1,927.3,929.0,,,,,,,83.0,44.0,46.0,58.0,,0,-1,,,,,,,,,,,13,,17,29,26,30,13,22,12,1,1,2,1.6,1448.0
18601,2025-07-20,,,,,,,,0,0,2599.0,16.9,15.3,18.0,16.7,32.0,12.0,12.0,,,,9.1,0,,,939.2,936.0,934.8,936.7,,,,,,,79.0,40.0,52.0,57.0,,0,-1,,,,,,,,,,,12,,19,28,27,29,16,22,15,2,3,2,3.3,1504.0
18622,2025-07-20,,,,,,,,0,0,2656.0,18.6,19.2,15.8,17.9,32.0,20.0,16.0,,,,6.3,0,,,958.8,955.3,954.0,956.0,,,,,,,75.0,47.0,43.0,55.0,,0,-1,,,,,,,,,,,13,,21,29,28,31,16,23,14,1,2,2,2.1,1744.0
18705,2025-07-20,,,,,,,,0,0,2604.0,19.5,21.2,18.2,19.6,0.0,12.0,20.0,,,,5.9,0,,,965.3,961.6,960.1,962.3,,,,,,,84.0,48.0,51.0,61.0,,0,-1,,,,,,,,,,,12,,20,31,27,32,17,25,16,0,2,1,1.2,1746.0
18805,2025-07-20,,,,,,,,0,0,2738.0,15.6,15.4,18.0,16.3,12.0,16.0,4.0,,,,7.1,0,,,893.7,892.3,891.2,892.4,,,,,,,84.0,47.0,68.0,66.0,,,-1,,,,,,,,,,,11,,16,26,22,27,14,20,9,1,2,2,2.1,1431.0
18906,2025-07-20,,,,,,,,0,0,2666.0,20.5,18.0,21.4,20.0,4.0,8.0,28.0,,,,6.8,0,,,970.1,967.5,966.0,967.9,,,,,,,79.0,43.0,59.0,60.0,,-1,-1,,,,,,,,,,,11,,22,30,27,30,20,25,18,1,2,1,1.6,1047.0
19021,2025-07-20,,,,,,,,0,0,2542.0,22.1,20.1,21.9,21.4,24.0,12.0,8.0,,,,7.1,0,,,979.8,977.3,975.3,977.5,,,,,,,88.0,47.0,55.0,63.0,,1,-1,,,,,,,,,,,11,,21,30,29,31,20,26,20,1,2,2,2.1,1546.0
19204,2025-07-20,,,,,,,,0,0,2444.0,19.7,19.9,21.0,20.2,0.0,16.0,8.0,,,,6.7,0,,,979.2,977.4,975.5,977.4,,,,,,,79.0,47.0,56.0,61.0,,-1,-1,,,,,,,,,,,11,,21,30,28,30,20,25,,0,2,1,1.2,1251.0
19205,2025-07-20,,,,,,,,0,0,2502.0,20.1,18.7,19.4,19.4,24.0,12.0,8.0,,,,6.5,0,,,973.3,971.5,969.7,971.5,,,,,,,80.0,47.0,52.0,60.0,,-1,-1,,,,,,,,,,,10,,21,29,28,30,19,25,18,1,2,1,1.6,1348.0
19505,2025-07-20,,,,,,,,0,0,1681.0,13.7,17.8,16.7,16.1,24.0,8.0,20.0,,,,5.8,0,,,892.2,889.8,889.5,890.5,,,,,,,85.0,65.0,66.0,72.0,,,0,,,,,,,,,,,5,,14,23,21,25,13,19,12,2,1,1,1.6,1001.0
19700,2025-07-20,,,1.0,0.0,,6.0,,0,0,,16.2,17.8,18.8,17.6,8.0,8.0,28.0,0,,0,7.6,0,0,0,941.3,937.1,937.3,938.6,0,0,,,,,78.0,44.0,64.0,62.0,,2,-1,,,,,-1.0,0,-1.0,10000.0,,6000.0,10,0,18,29,24,31,14,22,10,1,1,1,1.1,1456.0
19711,2025-07-20,,,,,,,,0,0,2011.0,13.3,18.6,17.8,16.6,0.0,12.0,8.0,,,,6.4,0,,,,,,,,,,,,,76.0,61.0,69.0,69.0,,1,0,,,,,,,,,,,7,,15,24,22,25,12,19,,0,2,1,1.2,1250.0
19720,2025-07-20,,1.0,1.0,0.0,7.0,5.0,40.0,0,0,2228.0,15.9,17.5,20.0,17.8,8.0,8.0,16.0,1,1,1,7.6,0,0,0,931.4,928.5,928.5,929.5,0,0,,,,,81.0,47.0,70.0,66.0,,2,-1,,,,,-1.0,0,-1.0,60000.0,30000.0,30000.0,9,1,17,28,23,28,14,21,12,1,2,1,1.6,1518.0
19821,2025-07-20,,,,,,,,0,0,2309.0,14.3,18.4,13.8,15.5,4.0,12.0,12.0,,,,9.8,0,,,905.6,903.2,903.3,904.0,,,,,,,86.0,53.0,50.0,63.0,,2,-1,,,,,,,,,,,9,,15,27,23,27,14,20,14,1,2,1,1.6,1434.0
19911,2025-07-20,,,,,,,,0,0,2562.0,18.1,19.0,19.2,18.8,28.0,20.0,28.0,,,,8.2,0,,,947.9,944.5,944.4,945.6,,,,,,,89.0,46.0,61.0,65.0,,2,-1,,,,,,,,,,,12,,18,30,25,30,13,22,12,1,1,1,1.1,1523.0
20002,2025-07-20,,,,,,,,0,0,2822.0,14.7,17.8,14.8,15.8,8.0,8.0,24.0,,,,9.4,0,,,909.3,907.1,906.7,907.7,,,,,,,74.0,49.0,49.0,57.0,,1,-1,,,,,,,,,,,13,,17,27,24,28,13,21,9,1,2,2,2.1,1421.0
20011,2025-07-20,,,,,,,,0,0,2644.0,15.5,16.5,14.5,15.5,32.0,16.0,20.0,,,,8.0,0,,,,,,,,,,,,,80.0,39.0,43.0,54.0,,0,-1,,,,,,,,,,,12,,17,30,26,31,13,22,11,1,2,1,1.6,1453.0
20020,2025-07-20,,,,,,,,,,,,,,,,,,,,,,0,,,,,,,,,,,,,,,,,,,,,,,,,,,,,,,,,,,,,,,,,,,
20021,2025-07-20,,,,,,,,0,0,2848.0,8.9,13.1,12.2,11.4,24.0,20.0,20.0,,,,15.7,0,,,785.6,785.6,784.5,785.2,,,,,,,60.0,73.0,82.0,72.0,,1,-1,,,,,,,,,,,12,,13,16,13,17,9,13,,4,3,5,6.9,2324.0
20101,2025-07-20,2.0,2.0,,1.0,3.0,,,0,0,2748.0,12.4,15.0,13.6,13.7,8.0,20.0,24.0,1,0,,12.2,0,0,0,846.0,845.6,844.6,845.4,0,0,,,,,73.0,57.0,65.0,65.0,,1,-1,,,,0.0,-1.0,0,-1.0,80000.0,80000.0,,12,0,15,22,18,23,11,17,9,1,1,3,2.2,17.0
20105,2025-07-20,,,,,,,,0,0,2737.0,14.1,14.8,13.7,14.2,8.0,20.0,24.0,,,,9.2,0,,,912.0,909.7,909.0,910.2,,,,,,,76.0,43.0,45.0,55.0,,1,-1,,,,,,,,,,,12,,16,26,24,28,13,20,11,1,3,3,3.4,1520.0
20123,2025-07-20,,0.0,0.0,0.0,7.0,7.0,47.0,0,0,,16.5,17.7,15.4,16.5,24.0,8.0,20.0,0,0,0,9.2,0,0,0,955.3,951.6,950.9,952.6,0,0,,,,,70.0,42.0,40.0,51.0,,0,-1,,,,,-1.0,0,-1.0,30000.0,25000.0,25000.0,,0,20,30,28,32,17,25,16,2,1,3,2.8,1839.0
20202,2025-07-20,,,,,,,,0,0,,17.5,20.5,14.5,17.5,12.0,4.0,16.0,,,,11.1,0,,,959.1,955.5,954.4,956.3,,,,,,,76.0,49.0,38.0,54.0,,1,-1,,,,,,,,,,,,,20,30,28,32,17,24,15,1,1,3,2.2,1748.0
20209,2025-07-20,,,,,,,,0,0,2693.0,17.3,16.7,14.9,16.3,20.0,8.0,16.0,,,,9.1,0,,,,,,,,,,,,,77.0,42.0,38.0,52.0,,1,-1,,,,,,,,,,,13,,19,29,29,32,18,25,16,1,1,3,2.2,25.0
20212,2025-07-20,,1.0,1.0,0.0,3.0,5.0,27.0,0,0,,16.5,17.0,14.1,15.9,28.0,12.0,16.0,1,,,9.2,0,0,0,960.1,956.7,955.4,957.4,0,0,,,,,73.0,41.0,37.0,50.0,,1,-1,,,,,-1.0,0,,65000.0,60000.0,45000.0,13,0,20,30,28,31,16,24,14,1,2,3,2.8,1746.0
20220,2025-07-20,,,,,,,,0,0,2635.0,16.8,18.4,17.4,17.5,28.0,16.0,16.0,,,,7.6,0,,,960.0,956.5,955.4,957.3,,,,,,,75.0,44.0,47.0,55.0,,,-1,,,,,,,,,,,13,,19,30,28,31,17,24,15,1,1,2,1.6,1658.0
20270,2025-07-20,,,,,,,,0,0,2671.0,16.5,17.9,16.7,17.0,4.0,16.0,20.0,,,,7.6,0,,,949.2,946.0,944.8,946.7,,,,,,,77.0,42.0,45.0,55.0,,0,-1,,,,,,,,,,,13,,19,30,28,31,16,24,15,1,2,2,2.1,1750.0
20411,2025-07-20,,,,,,,,0,0,2627.0,18.9,17.2,16.7,17.6,12.0,28.0,20.0,,,,7.8,0,,,958.7,955.2,953.7,955.9,,,,,,,82.0,42.0,46.0,57.0,,0,-1,,,,,,,,,,,13,,20,29,27,31,16,24,13,1,1,2,1.6,1750.0
20412,2025-07-20,,,,,,,,0,0,2632.0,18.2,18.2,13.3,16.6,32.0,4.0,20.0,,,,11.5,0,,,952.6,948.7,947.3,949.5,,,,,,,80.0,45.0,35.0,53.0,,1,-1,,,,,,,,,,,13,,20,29,28,31,16,23,13,1,1,3,2.2,1918.0
20903,2025-07-20,,,,,,,,0,0,2509.0,21.5,18.3,21.0,20.3,24.0,12.0,12.0,,,,6.6,0,,,986.2,984.2,982.3,984.2,,,,,,,85.0,42.0,54.0,60.0,,0,-1,,,,,,,,,,,,,21,31,29,32,20,26,,2,2,2,2.7,1813.0
21101,2025-07-20,,,,,,,,0,0,2290.0,15.0,17.6,14.4,15.7,16.0,16.0,20.0,,,,12.1,0,,,890.4,889.2,888.5,889.4,,,,,,,87.0,64.0,57.0,69.0,,,-1,,,,,,,,,,,9,,15,23,21,24,13,19,11,2,1,2,2.1,1533.0
21300,2025-07-20,,1.0,0.0,0.0,3.0,5.0,27.0,0,0,2587.0,17.7,20.5,16.6,18.3,4.0,24.0,12.0,1,0,0,8.3,0,0,1,941.3,938.4,937.7,939.1,0,0,,,,,88.0,52.0,50.0,63.0,,2,-1,,,,,-1.0,0,-1.0,30000.0,40000.0,30000.0,11,0,18,29,26,31,15,23,14,1,1,1,1.1,1128.0
